{
  "type": "FeatureCollection",
  "crs": {
    "type": "name",
    "properties": {
      "name": "urn:ogc:def:crs:EPSG::5367"
    }
  },
  "features": [
    {
      "type": "Feature",
      "id": "co-001",
      "geometry": {
        "type": "Polygon",
        "coordinates": [
          [
            [
              340871.639,
              1122053.281
            ],
            [
              340871.512,
              1122054.011
            ],
            [
              340870.997,
              1122054.725
            ],
            [
              340870.685,
              1122055.417
            ],
            [
              340869.919,
              1122055.732
            ],
            [
              340868.855,
              1122055.482
            ],
            [
              340868.392,
              1122054.463
            ],
            [
              340867.973,
              1122053.88
            ],
            [
              340867.834,
              1122053.54
            ],
            [
              340868.056,
              1122052.792
            ],
            [
              340868.023,
              1122051.845
            ],
            [
              340869.132,
              1122051.272
            ],
            [
              340869.982,
              1122051.229
            ],
            [
              340870.393,
              1122051.279
            ],
            [
              340871.403,
              1122051.987
            ],
            [
              340871.837,
              1122052.714
            ],
            [
              340871.639,
              1122053.281
            ]
          ]
        ]
      },
      "properties": {
        "id": "co-001",
        "confianza": 0.9215,
        "areaM2": 13.087,
        "diametroM": 4.082,
        "centroide": [
          340869.78,
          1122053.34
        ],
        "origen": "automatico",
        "eliminada": false
      }
    },
    {
      "type": "Feature",
      "id": "co-002",
      "geometry": {
        "type": "Polygon",
        "coordinates": [
          [
            [
              340889.682,
              1122053.662
            ],
            [
              340888.81,
              1122054.665
            ],
            [
              340888.598,
              1122055.864
            ],
            [
              340887.49,
              1122056.261
            ],
            [
              340885.896,
              1122055.37
            ],
            [
              340884.766,
              1122054.872
            ],
            [
              340884.23,
              1122054.396
            ],
            [
              340884.455,
              1122052.888
            ],
            [
              340885.125,
              1122051.062
            ],
            [
              340886.226,
              1122050.701
            ],
            [
              340887.142,
              1122051.114
            ],
            [
              340888.975,
              1122051.262
            ],
            [
              340888.772,
              1122052.076
            ],
            [
              340889.682,
              1122053.662
            ]
          ]
        ]
      },
      "properties": {
        "id": "co-002",
        "confianza": 0.9623,
        "areaM2": 20.61,
        "diametroM": 5.123,
        "centroide": [
          340886.883,
          1122053.393
        ],
        "origen": "automatico",
        "eliminada": false
      }
    },
    {
      "type": "Feature",
      "id": "co-003",
      "geometry": {
        "type": "Polygon",
        "coordinates": [
          [
            [
              340937.214,
              1122053.283
            ],
            [
              340936.498,
              1122054.535
            ],
            [
              340936.424,
              1122055.009
            ],
            [
              340935.231,
              1122055.465
            ],
            [
              340934.089,
              1122056.058
            ],
            [
              340933.447,
              1122055.686
            ],
            [
              340932.209,
              1122054.658
            ],
            [
              340931.841,
              1122053.602
            ],
            [
              340932.33,
              1122053.24
            ],
            [
              340932.411,
              1122051.778
            ],
            [
              340933.663,
              1122051.366
            ],
            [
              340934.566,
              1122050.666
            ],
            [
              340935.324,
              1122050.844
            ],
            [
              340936.065,
              1122051.705
            ],
            [
              340936.412,
              1122052.736
            ],
            [
              340937.214,
              1122053.283
            ]
          ]
        ]
      },
      "properties": {
        "id": "co-003",
        "confianza": 0.3033,
        "areaM2": 18.209,
        "diametroM": 4.815,
        "centroide": [
          340934.435,
          1122053.406
        ],
        "origen": "automatico",
        "eliminada": false
      }
    },
    {
      "type": "Feature",
      "id": "co-004",
      "geometry": {
        "type": "Polygon",
        "coordinates": [
          [
            [
              340923.003,
              1122053.245
            ],
            [
              340922.666,
              1122055.173
            ],
            [
              340921.615,
              1122056.879
            ],
            [
              340920.087,
              1122057.053
            ],
            [
              340918.42,
              1122055.978
            ],
            [
              340917.014,
              1122055.844
            ],
            [
              340916.198,
              1122053.506
            ],
            [
              340917.49,
              1122051.695
            ],
            [
              340917.761,
              1122050.714
            ],
            [
              340919.344,
              1122050.107
            ],
            [
              340921.455,
              1122050.178
            ],
            [
              340923.149,
              1122051.821
            ],
            [
              340923.003,
              1122053.245
            ]
          ]
        ]
      },
      "properties": {
        "id": "co-004",
        "confianza": 0.7385,
        "areaM2": 35.423,
        "diametroM": 6.716,
        "centroide": [
          340919.893,
          1122053.471
        ],
        "origen": "automatico",
        "eliminada": false
      }
    },
    {
      "type": "Feature",
      "id": "co-005",
      "geometry": {
        "type": "Polygon",
        "coordinates": [
          [
            [
              340867.518,
              1122054.145
            ],
            [
              340867.284,
              1122055.599
            ],
            [
              340866.254,
              1122056.088
            ],
            [
              340865.717,
              1122056.436
            ],
            [
              340864.45,
              1122056.548
            ],
            [
              340863.949,
              1122055.789
            ],
            [
              340863.65,
              1122055.142
            ],
            [
              340863.5,
              1122054.171
            ],
            [
              340863.838,
              1122053.324
            ],
            [
              340864.826,
              1122052.765
            ],
            [
              340866.074,
              1122052.172
            ],
            [
              340866.572,
              1122053.007
            ],
            [
              340867.432,
              1122053.25
            ],
            [
              340867.518,
              1122054.145
            ]
          ]
        ]
      },
      "properties": {
        "id": "co-005",
        "confianza": 0.6051,
        "areaM2": 12.517,
        "diametroM": 3.992,
        "centroide": [
          340865.514,
          1122054.473
        ],
        "origen": "automatico",
        "eliminada": false
      }
    },
    {
      "type": "Feature",
      "id": "co-006",
      "geometry": {
        "type": "Polygon",
        "coordinates": [
          [
            [
              340849.949,
              1122054.366
            ],
            [
              340849.291,
              1122055.798
            ],
            [
              340848.174,
              1122056.759
            ],
            [
              340846.124,
              1122058.265
            ],
            [
              340844.583,
              1122056.939
            ],
            [
              340842.884,
              1122056.252
            ],
            [
              340842.53,
              1122054.642
            ],
            [
              340842.758,
              1122053.038
            ],
            [
              340845.265,
              1122051.84
            ],
            [
              340846.021,
              1122050.67
            ],
            [
              340848.831,
              1122051.469
            ],
            [
              340849.057,
              1122053.164
            ],
            [
              340849.949,
              1122054.366
            ]
          ]
        ]
      },
      "properties": {
        "id": "co-006",
        "confianza": 0.8144,
        "areaM2": 35.779,
        "diametroM": 6.749,
        "centroide": [
          340846.205,
          1122054.386
        ],
        "origen": "automatico",
        "eliminada": false
      }
    },
    {
      "type": "Feature",
      "id": "co-007",
      "geometry": {
        "type": "Polygon",
        "coordinates": [
          [
            [
              340914.291,
              1122055.624
            ],
            [
              340914.282,
              1122056.574
            ],
            [
              340913.184,
              1122058.021
            ],
            [
              340912.751,
              1122058.505
            ],
            [
              340911.641,
              1122058.789
            ],
            [
              340910.869,
              1122057.725
            ],
            [
              340909.54,
              1122057.25
            ],
            [
              340908.792,
              1122056.545
            ],
            [
              340909.599,
              1122055.097
            ],
            [
              340909.567,
              1122054.373
            ],
            [
              340910.718,
              1122053.849
            ],
            [
              340911.76,
              1122053.206
            ],
            [
              340912.294,
              1122053
            ],
            [
              340913.292,
              1122053.681
            ],
            [
              340913.609,
              1122054.693
            ],
            [
              340914.291,
              1122055.624
            ]
          ]
        ]
      },
      "properties": {
        "id": "co-007",
        "confianza": 0.9447,
        "areaM2": 19.939,
        "diametroM": 5.039,
        "centroide": [
          340911.755,
          1122055.895
        ],
        "origen": "automatico",
        "eliminada": false
      }
    },
    {
      "type": "Feature",
      "id": "co-008",
      "geometry": {
        "type": "Polygon",
        "coordinates": [
          [
            [
              340895.926,
              1122056.088
            ],
            [
              340896.628,
              1122058.067
            ],
            [
              340894.754,
              1122058.66
            ],
            [
              340894.067,
              1122059.824
            ],
            [
              340892.929,
              1122059.507
            ],
            [
              340891.632,
              1122059.22
            ],
            [
              340889.955,
              1122057.851
            ],
            [
              340890.049,
              1122056.939
            ],
            [
              340889.813,
              1122055.526
            ],
            [
              340889.897,
              1122053.614
            ],
            [
              340890.884,
              1122053.318
            ],
            [
              340892.633,
              1122052.197
            ],
            [
              340893.803,
              1122052.817
            ],
            [
              340895.59,
              1122053.978
            ],
            [
              340896.749,
              1122055.008
            ],
            [
              340895.926,
              1122056.088
            ]
          ]
        ]
      },
      "properties": {
        "id": "co-008",
        "confianza": 0.8898,
        "areaM2": 37.014,
        "diametroM": 6.865,
        "centroide": [
          340893.036,
          1122056.047
        ],
        "origen": "automatico",
        "eliminada": false
      }
    },
    {
      "type": "Feature",
      "id": "co-009",
      "geometry": {
        "type": "Polygon",
        "coordinates": [
          [
            [
              340959.303,
              1122056.787
            ],
            [
              340958.782,
              1122057.309
            ],
            [
              340957.861,
              1122059.425
            ],
            [
              340956.643,
              1122059.722
            ],
            [
              340955.604,
              1122060.196
            ],
            [
              340954.081,
              1122059.898
            ],
            [
              340952.459,
              1122059.48
            ],
            [
              340951.716,
              1122058.439
            ],
            [
              340951.811,
              1122056.683
            ],
            [
              340951.848,
              1122055.307
            ],
            [
              340951.982,
              1122053.757
            ],
            [
              340953.774,
              1122053.525
            ],
            [
              340954.85,
              1122052.19
            ],
            [
              340956.524,
              1122053.227
            ],
            [
              340957.443,
              1122054.002
            ],
            [
              340958.566,
              1122054.582
            ],
            [
              340959.303,
              1122056.787
            ]
          ]
        ]
      },
      "properties": {
        "id": "co-009",
        "confianza": 0.9453,
        "areaM2": 43.048,
        "diametroM": 7.403,
        "centroide": [
          340955.214,
          1122056.499
        ],
        "origen": "automatico",
        "eliminada": false
      }
    },
    {
      "type": "Feature",
      "id": "co-010",
      "geometry": {
        "type": "Polygon",
        "coordinates": [
          [
            [
              340906.27,
              1122056.664
            ],
            [
              340905.311,
              1122059.545
            ],
            [
              340903.71,
              1122059.93
            ],
            [
              340902.23,
              1122061.065
            ],
            [
              340899.585,
              1122059.166
            ],
            [
              340898.328,
              1122057.345
            ],
            [
              340897.907,
              1122056.352
            ],
            [
              340899.444,
              1122054.251
            ],
            [
              340900.969,
              1122052.816
            ],
            [
              340904.283,
              1122053.652
            ],
            [
              340905.41,
              1122054.961
            ],
            [
              340906.27,
              1122056.664
            ]
          ]
        ]
      },
      "properties": {
        "id": "co-010",
        "confianza": 0.8413,
        "areaM2": 44.807,
        "diametroM": 7.553,
        "centroide": [
          340902.206,
          1122056.781
        ],
        "origen": "automatico",
        "eliminada": false
      }
    },
    {
      "type": "Feature",
      "id": "co-011",
      "geometry": {
        "type": "Polygon",
        "coordinates": [
          [
            [
              340863.07,
              1122057.649
            ],
            [
              340863.311,
              1122058.633
            ],
            [
              340862.132,
              1122059.669
            ],
            [
              340861.419,
              1122059.977
            ],
            [
              340860.053,
              1122060.063
            ],
            [
              340859.074,
              1122059.421
            ],
            [
              340858.641,
              1122058.326
            ],
            [
              340858.686,
              1122057.168
            ],
            [
              340858.731,
              1122056.114
            ],
            [
              340859.996,
              1122054.962
            ],
            [
              340861.263,
              1122055.545
            ],
            [
              340861.922,
              1122055.685
            ],
            [
              340863.113,
              1122056.534
            ],
            [
              340863.07,
              1122057.649
            ]
          ]
        ]
      },
      "properties": {
        "id": "co-011",
        "confianza": 0.8197,
        "areaM2": 17.917,
        "diametroM": 4.776,
        "centroide": [
          340860.826,
          1122057.649
        ],
        "origen": "automatico",
        "eliminada": false
      }
    },
    {
      "type": "Feature",
      "id": "co-012",
      "geometry": {
        "type": "Polygon",
        "coordinates": [
          [
            [
              340909.841,
              1122059.031
            ],
            [
              340909.818,
              1122060.165
            ],
            [
              340908.993,
              1122060.39
            ],
            [
              340908.238,
              1122061.115
            ],
            [
              340907.683,
              1122060.987
            ],
            [
              340906.436,
              1122061.347
            ],
            [
              340905.578,
              1122059.983
            ],
            [
              340905.416,
              1122059.095
            ],
            [
              340905.036,
              1122058.601
            ],
            [
              340905.833,
              1122057.439
            ],
            [
              340906.323,
              1122056.318
            ],
            [
              340907.335,
              1122056.419
            ],
            [
              340908.26,
              1122056.403
            ],
            [
              340909.105,
              1122056.755
            ],
            [
              340909.523,
              1122057.646
            ],
            [
              340909.841,
              1122059.031
            ]
          ]
        ]
      },
      "properties": {
        "id": "co-012",
        "confianza": 0.9875,
        "areaM2": 17.576,
        "diametroM": 4.731,
        "centroide": [
          340907.544,
          1122058.762
        ],
        "origen": "automatico",
        "eliminada": false
      }
    },
    {
      "type": "Feature",
      "id": "co-013",
      "geometry": {
        "type": "Polygon",
        "coordinates": [
          [
            [
              340931.727,
              1122059.96
            ],
            [
              340931.341,
              1122060.903
            ],
            [
              340931.33,
              1122061.561
            ],
            [
              340929.696,
              1122061.733
            ],
            [
              340928.825,
              1122062.299
            ],
            [
              340927.763,
              1122061.119
            ],
            [
              340926.57,
              1122060.843
            ],
            [
              340927.019,
              1122059.265
            ],
            [
              340927.328,
              1122058.354
            ],
            [
              340927.603,
              1122057.564
            ],
            [
              340928.903,
              1122056.971
            ],
            [
              340929.707,
              1122056.873
            ],
            [
              340930.472,
              1122057.712
            ],
            [
              340931.268,
              1122058.81
            ],
            [
              340931.727,
              1122059.96
            ]
          ]
        ]
      },
      "properties": {
        "id": "co-013",
        "confianza": 0.9749,
        "areaM2": 18.282,
        "diametroM": 4.825,
        "centroide": [
          340929.208,
          1122059.591
        ],
        "origen": "automatico",
        "eliminada": false
      }
    },
    {
      "type": "Feature",
      "id": "co-014",
      "geometry": {
        "type": "Polygon",
        "coordinates": [
          [
            [
              340951.488,
              1122059.867
            ],
            [
              340951.344,
              1122060.834
            ],
            [
              340950.147,
              1122061.893
            ],
            [
              340949.444,
              1122062.781
            ],
            [
              340948.143,
              1122063.207
            ],
            [
              340946.652,
              1122062.688
            ],
            [
              340946.273,
              1122061.946
            ],
            [
              340945.441,
              1122060.76
            ],
            [
              340945.57,
              1122059.72
            ],
            [
              340945.642,
              1122058.795
            ],
            [
              340946.426,
              1122058.011
            ],
            [
              340946.726,
              1122057.02
            ],
            [
              340948.666,
              1122056.634
            ],
            [
              340949.416,
              1122056.624
            ],
            [
              340950.925,
              1122057.684
            ],
            [
              340951.096,
              1122059.037
            ],
            [
              340951.488,
              1122059.867
            ]
          ]
        ]
      },
      "properties": {
        "id": "co-014",
        "confianza": 0.8809,
        "areaM2": 29.113,
        "diametroM": 6.088,
        "centroide": [
          340948.421,
          1122059.82
        ],
        "origen": "automatico",
        "eliminada": false
      }
    },
    {
      "type": "Feature",
      "id": "co-015",
      "geometry": {
        "type": "Polygon",
        "coordinates": [
          [
            [
              340943.809,
              1122059.958
            ],
            [
              340943.032,
              1122061.556
            ],
            [
              340942.029,
              1122063.15
            ],
            [
              340940.381,
              1122063.584
            ],
            [
              340938.956,
              1122062.543
            ],
            [
              340937.685,
              1122061.327
            ],
            [
              340937.197,
              1122059.826
            ],
            [
              340939.171,
              1122058.152
            ],
            [
              340940.245,
              1122057.848
            ],
            [
              340941.267,
              1122057.786
            ],
            [
              340943.125,
              1122059.255
            ],
            [
              340943.809,
              1122059.958
            ]
          ]
        ]
      },
      "properties": {
        "id": "co-015",
        "confianza": 0.8993,
        "areaM2": 24.996,
        "diametroM": 5.641,
        "centroide": [
          340940.519,
          1122060.551
        ],
        "origen": "automatico",
        "eliminada": false
      }
    },
    {
      "type": "Feature",
      "id": "co-016",
      "geometry": {
        "type": "Polygon",
        "coordinates": [
          [
            [
              340882.274,
              1122060.335
            ],
            [
              340882.586,
              1122061.302
            ],
            [
              340882.11,
              1122061.937
            ],
            [
              340881.319,
              1122061.982
            ],
            [
              340880.473,
              1122062.173
            ],
            [
              340879.483,
              1122061.911
            ],
            [
              340879.005,
              1122061.423
            ],
            [
              340878.605,
              1122061.303
            ],
            [
              340878.62,
              1122060.309
            ],
            [
              340878.433,
              1122059.244
            ],
            [
              340879.145,
              1122058.894
            ],
            [
              340879.914,
              1122058.498
            ],
            [
              340880.327,
              1122058.492
            ],
            [
              340880.954,
              1122058.39
            ],
            [
              340881.631,
              1122058.749
            ],
            [
              340882.113,
              1122059.448
            ],
            [
              340882.274,
              1122060.335
            ]
          ]
        ]
      },
      "properties": {
        "id": "co-016",
        "confianza": 0.7823,
        "areaM2": 11.818,
        "diametroM": 3.879,
        "centroide": [
          340880.486,
          1122060.327
        ],
        "origen": "automatico",
        "eliminada": false
      }
    },
    {
      "type": "Feature",
      "id": "co-017",
      "geometry": {
        "type": "Polygon",
        "coordinates": [
          [
            [
              340866.983,
              1122061.23
            ],
            [
              340866.362,
              1122062.316
            ],
            [
              340865.285,
              1122063.676
            ],
            [
              340864.249,
              1122063.548
            ],
            [
              340863.058,
              1122063.361
            ],
            [
              340862.131,
              1122062.058
            ],
            [
              340862.417,
              1122060.106
            ],
            [
              340862.894,
              1122059.686
            ],
            [
              340864.097,
              1122058.723
            ],
            [
              340865.614,
              1122059.164
            ],
            [
              340866.509,
              1122059.755
            ],
            [
              340866.983,
              1122061.23
            ]
          ]
        ]
      },
      "properties": {
        "id": "co-017",
        "confianza": 0.9866,
        "areaM2": 17.246,
        "diametroM": 4.686,
        "centroide": [
          340864.487,
          1122061.247
        ],
        "origen": "automatico",
        "eliminada": false
      }
    },
    {
      "type": "Feature",
      "id": "co-018",
      "geometry": {
        "type": "Polygon",
        "coordinates": [
          [
            [
              340923.79,
              1122061.615
            ],
            [
              340922.979,
              1122063.642
            ],
            [
              340922.079,
              1122063.944
            ],
            [
              340920.435,
              1122064.767
            ],
            [
              340919.339,
              1122064.642
            ],
            [
              340918.512,
              1122063.749
            ],
            [
              340918.189,
              1122061.903
            ],
            [
              340918.357,
              1122060.875
            ],
            [
              340920.015,
              1122059.906
            ],
            [
              340920.561,
              1122059.754
            ],
            [
              340921.993,
              1122060.065
            ],
            [
              340922.937,
              1122061.023
            ],
            [
              340923.79,
              1122061.615
            ]
          ]
        ]
      },
      "properties": {
        "id": "co-018",
        "confianza": 0.3717,
        "areaM2": 19.947,
        "diametroM": 5.04,
        "centroide": [
          340920.749,
          1122062.232
        ],
        "origen": "automatico",
        "eliminada": false
      }
    },
    {
      "type": "Feature",
      "id": "co-019",
      "geometry": {
        "type": "Polygon",
        "coordinates": [
          [
            [
              340885.808,
              1122063.786
            ],
            [
              340885.985,
              1122064.617
            ],
            [
              340885.035,
              1122065.787
            ],
            [
              340884.444,
              1122065.998
            ],
            [
              340882.893,
              1122066.662
            ],
            [
              340881.861,
              1122066.221
            ],
            [
              340881.471,
              1122065.57
            ],
            [
              340880.264,
              1122065.167
            ],
            [
              340880.299,
              1122064.127
            ],
            [
              340880.381,
              1122062.758
            ],
            [
              340880.794,
              1122061.737
            ],
            [
              340882.157,
              1122060.987
            ],
            [
              340883.184,
              1122061.277
            ],
            [
              340884.67,
              1122061.211
            ],
            [
              340885.778,
              1122061.703
            ],
            [
              340885.926,
              1122062.959
            ],
            [
              340885.808,
              1122063.786
            ]
          ]
        ]
      },
      "properties": {
        "id": "co-019",
        "confianza": 0.924,
        "areaM2": 25.123,
        "diametroM": 5.656,
        "centroide": [
          340883.13,
          1122063.676
        ],
        "origen": "automatico",
        "eliminada": false
      }
    },
    {
      "type": "Feature",
      "id": "co-020",
      "geometry": {
        "type": "Polygon",
        "coordinates": [
          [
            [
              340906.008,
              1122063.471
            ],
            [
              340904.931,
              1122065.097
            ],
            [
              340904.629,
              1122065.656
            ],
            [
              340903.668,
              1122066.518
            ],
            [
              340902.332,
              1122066.504
            ],
            [
              340900.876,
              1122065.912
            ],
            [
              340900.344,
              1122064.883
            ],
            [
              340899.999,
              1122064.04
            ],
            [
              340900.628,
              1122062.681
            ],
            [
              340901.415,
              1122061.29
            ],
            [
              340902.466,
              1122061.365
            ],
            [
              340903.746,
              1122061.239
            ],
            [
              340904.682,
              1122061.533
            ],
            [
              340905.544,
              1122062.637
            ],
            [
              340906.008,
              1122063.471
            ]
          ]
        ]
      },
      "properties": {
        "id": "co-020",
        "confianza": 0.9547,
        "areaM2": 22.986,
        "diametroM": 5.41,
        "centroide": [
          340902.907,
          1122063.811
        ],
        "origen": "automatico",
        "eliminada": false
      }
    },
    {
      "type": "Feature",
      "id": "co-021",
      "geometry": {
        "type": "Polygon",
        "coordinates": [
          [
            [
              340874.413,
              1122064.523
            ],
            [
              340874.04,
              1122065.634
            ],
            [
              340873.345,
              1122066.23
            ],
            [
              340872.757,
              1122066.792
            ],
            [
              340872.015,
              1122066.317
            ],
            [
              340871.187,
              1122065.849
            ],
            [
              340870.782,
              1122064.855
            ],
            [
              340870.683,
              1122063.94
            ],
            [
              340870.752,
              1122063.45
            ],
            [
              340872.064,
              1122062.819
            ],
            [
              340872.474,
              1122062.727
            ],
            [
              340873.791,
              1122062.658
            ],
            [
              340874.566,
              1122063.486
            ],
            [
              340874.413,
              1122064.523
            ]
          ]
        ]
      },
      "properties": {
        "id": "co-021",
        "confianza": 0.9883,
        "areaM2": 11.53,
        "diametroM": 3.832,
        "centroide": [
          340872.623,
          1122064.497
        ],
        "origen": "automatico",
        "eliminada": false
      }
    },
    {
      "type": "Feature",
      "id": "co-022",
      "geometry": {
        "type": "Polygon",
        "coordinates": [
          [
            [
              340913.328,
              1122065.462
            ],
            [
              340913.155,
              1122066.709
            ],
            [
              340912.175,
              1122067.153
            ],
            [
              340911.601,
              1122067.151
            ],
            [
              340910.206,
              1122066.611
            ],
            [
              340909.801,
              1122066.207
            ],
            [
              340909.045,
              1122064.95
            ],
            [
              340909.432,
              1122063.68
            ],
            [
              340910.216,
              1122063.041
            ],
            [
              340911.683,
              1122062.804
            ],
            [
              340912.17,
              1122063.247
            ],
            [
              340913.045,
              1122063.865
            ],
            [
              340913.328,
              1122065.462
            ]
          ]
        ]
      },
      "properties": {
        "id": "co-022",
        "confianza": 0.8013,
        "areaM2": 13.866,
        "diametroM": 4.202,
        "centroide": [
          340911.31,
          1122065.005
        ],
        "origen": "automatico",
        "eliminada": false
      }
    },
    {
      "type": "Feature",
      "id": "co-023",
      "geometry": {
        "type": "Polygon",
        "coordinates": [
          [
            [
              340949.035,
              1122065
            ],
            [
              340948.473,
              1122067.459
            ],
            [
              340946.376,
              1122068.974
            ],
            [
              340944.95,
              1122068.646
            ],
            [
              340942.862,
              1122067.956
            ],
            [
              340941.877,
              1122066.037
            ],
            [
              340941.556,
              1122064.394
            ],
            [
              340943.098,
              1122062.646
            ],
            [
              340945.655,
              1122062.386
            ],
            [
              340947.217,
              1122062.934
            ],
            [
              340948.867,
              1122063.823
            ],
            [
              340949.035,
              1122065
            ]
          ]
        ]
      },
      "properties": {
        "id": "co-023",
        "confianza": 0.8513,
        "areaM2": 36.86,
        "diametroM": 6.851,
        "centroide": [
          340945.362,
          1122065.521
        ],
        "origen": "automatico",
        "eliminada": false
      }
    },
    {
      "type": "Feature",
      "id": "co-024",
      "geometry": {
        "type": "Polygon",
        "coordinates": [
          [
            [
              340896.705,
              1122066.671
            ],
            [
              340895.43,
              1122069.373
            ],
            [
              340894.629,
              1122071.101
            ],
            [
              340892.527,
              1122070.638
            ],
            [
              340889.943,
              1122069.607
            ],
            [
              340888.834,
              1122068.9
            ],
            [
              340889.22,
              1122066.31
            ],
            [
              340890.549,
              1122063.938
            ],
            [
              340892.907,
              1122063.568
            ],
            [
              340894.966,
              1122063.843
            ],
            [
              340896.406,
              1122065.414
            ],
            [
              340896.705,
              1122066.671
            ]
          ]
        ]
      },
      "properties": {
        "id": "co-024",
        "confianza": 0.8983,
        "areaM2": 42.998,
        "diametroM": 7.399,
        "centroide": [
          340892.795,
          1122067.136
        ],
        "origen": "automatico",
        "eliminada": false
      }
    },
    {
      "type": "Feature",
      "id": "co-025",
      "geometry": {
        "type": "Polygon",
        "coordinates": [
          [
            [
              340944.574,
              1122069.862
            ],
            [
              340944.139,
              1122071.052
            ],
            [
              340943.251,
              1122071.454
            ],
            [
              340942.458,
              1122071.605
            ],
            [
              340941.821,
              1122072.067
            ],
            [
              340940.729,
              1122071.432
            ],
            [
              340940.17,
              1122070.96
            ],
            [
              340939.259,
              1122070.033
            ],
            [
              340939.984,
              1122069.404
            ],
            [
              340940.388,
              1122068.614
            ],
            [
              340940.419,
              1122067.637
            ],
            [
              340941.672,
              1122067.116
            ],
            [
              340943.033,
              1122067.472
            ],
            [
              340943.259,
              1122068.104
            ],
            [
              340944.286,
              1122069.063
            ],
            [
              340944.574,
              1122069.862
            ]
          ]
        ]
      },
      "properties": {
        "id": "co-025",
        "confianza": 0.7838,
        "areaM2": 16.467,
        "diametroM": 4.579,
        "centroide": [
          340942.031,
          1122069.619
        ],
        "origen": "automatico",
        "eliminada": false
      }
    },
    {
      "type": "Feature",
      "id": "co-026",
      "geometry": {
        "type": "Polygon",
        "coordinates": [
          [
            [
              340907.577,
              1122070.164
            ],
            [
              340906.924,
              1122071.797
            ],
            [
              340906.716,
              1122073.057
            ],
            [
              340905.433,
              1122073.043
            ],
            [
              340903.829,
              1122073.049
            ],
            [
              340902.947,
              1122072.095
            ],
            [
              340902.193,
              1122071.59
            ],
            [
              340902.311,
              1122069.819
            ],
            [
              340902.643,
              1122068.427
            ],
            [
              340904.209,
              1122067.542
            ],
            [
              340905.11,
              1122067.857
            ],
            [
              340905.913,
              1122068.622
            ],
            [
              340907.371,
              1122069.376
            ],
            [
              340907.577,
              1122070.164
            ]
          ]
        ]
      },
      "properties": {
        "id": "co-026",
        "confianza": 0.4375,
        "areaM2": 21.959,
        "diametroM": 5.288,
        "centroide": [
          340904.763,
          1122070.492
        ],
        "origen": "automatico",
        "eliminada": false
      }
    },
    {
      "type": "Feature",
      "id": "co-027",
      "geometry": {
        "type": "Polygon",
        "coordinates": [
          [
            [
              340882.461,
              1122071.554
            ],
            [
              340882.307,
              1122072.439
            ],
            [
              340881.873,
              1122073.564
            ],
            [
              340879.749,
              1122074.023
            ],
            [
              340878.843,
              1122073.124
            ],
            [
              340877.843,
              1122072.674
            ],
            [
              340877.427,
              1122071.014
            ],
            [
              340877.904,
              1122070.201
            ],
            [
              340878.881,
              1122068.961
            ],
            [
              340880.005,
              1122068.852
            ],
            [
              340881.518,
              1122069.354
            ],
            [
              340882.378,
              1122070.255
            ],
            [
              340882.461,
              1122071.554
            ]
          ]
        ]
      },
      "properties": {
        "id": "co-027",
        "confianza": 0.9084,
        "areaM2": 19.37,
        "diametroM": 4.966,
        "centroide": [
          340880.078,
          1122071.38
        ],
        "origen": "automatico",
        "eliminada": false
      }
    },
    {
      "type": "Feature",
      "id": "co-028",
      "geometry": {
        "type": "Polygon",
        "coordinates": [
          [
            [
              340921.301,
              1122071.721
            ],
            [
              340920.826,
              1122073.28
            ],
            [
              340919.354,
              1122074.691
            ],
            [
              340918.066,
              1122075.235
            ],
            [
              340916.443,
              1122074.721
            ],
            [
              340915.555,
              1122074.458
            ],
            [
              340914.003,
              1122073.363
            ],
            [
              340914.177,
              1122071.759
            ],
            [
              340914.537,
              1122070.138
            ],
            [
              340914.798,
              1122068.893
            ],
            [
              340917.075,
              1122067.904
            ],
            [
              340917.99,
              1122067.591
            ],
            [
              340920.138,
              1122068.723
            ],
            [
              340920.909,
              1122069.25
            ],
            [
              340921.301,
              1122071.721
            ]
          ]
        ]
      },
      "properties": {
        "id": "co-028",
        "confianza": 0.8333,
        "areaM2": 41.267,
        "diametroM": 7.249,
        "centroide": [
          340917.669,
          1122071.458
        ],
        "origen": "automatico",
        "eliminada": false
      }
    },
    {
      "type": "Feature",
      "id": "co-029",
      "geometry": {
        "type": "Polygon",
        "coordinates": [
          [
            [
              340877.792,
              1122073.184
            ],
            [
              340877.516,
              1122074.92
            ],
            [
              340876.858,
              1122075.329
            ],
            [
              340875.337,
              1122075.995
            ],
            [
              340874.372,
              1122075.581
            ],
            [
              340873.639,
              1122074.374
            ],
            [
              340873.122,
              1122072.623
            ],
            [
              340874.177,
              1122072.145
            ],
            [
              340875.736,
              1122070.625
            ],
            [
              340877.12,
              1122071.641
            ],
            [
              340877.96,
              1122072.218
            ],
            [
              340877.792,
              1122073.184
            ]
          ]
        ]
      },
      "properties": {
        "id": "co-029",
        "confianza": 0.9135,
        "areaM2": 16.735,
        "diametroM": 4.616,
        "centroide": [
          340875.657,
          1122073.425
        ],
        "origen": "automatico",
        "eliminada": false
      }
    },
    {
      "type": "Feature",
      "id": "co-030",
      "geometry": {
        "type": "Polygon",
        "coordinates": [
          [
            [
              340888.718,
              1122073.579
            ],
            [
              340888.219,
              1122074.362
            ],
            [
              340887.42,
              1122075.455
            ],
            [
              340886.643,
              1122076.212
            ],
            [
              340885.73,
              1122075.965
            ],
            [
              340884.761,
              1122075.283
            ],
            [
              340884.083,
              1122074.761
            ],
            [
              340883.553,
              1122073.847
            ],
            [
              340883.653,
              1122072.654
            ],
            [
              340884.882,
              1122071.731
            ],
            [
              340885.514,
              1122070.974
            ],
            [
              340886.738,
              1122071.486
            ],
            [
              340887.571,
              1122071.152
            ],
            [
              340888.685,
              1122072.503
            ],
            [
              340888.718,
              1122073.579
            ]
          ]
        ]
      },
      "properties": {
        "id": "co-030",
        "confianza": 0.8605,
        "areaM2": 18.515,
        "diametroM": 4.855,
        "centroide": [
          340886.179,
          1122073.495
        ],
        "origen": "automatico",
        "eliminada": false
      }
    },
    {
      "type": "Feature",
      "id": "co-031",
      "geometry": {
        "type": "Polygon",
        "coordinates": [
          [
            [
              340898.913,
              1122073.695
            ],
            [
              340899.051,
              1122075.275
            ],
            [
              340897.74,
              1122076.098
            ],
            [
              340896.604,
              1122077.504
            ],
            [
              340895.121,
              1122077.105
            ],
            [
              340893.679,
              1122076.073
            ],
            [
              340892.903,
              1122075.26
            ],
            [
              340892.739,
              1122073.312
            ],
            [
              340892.967,
              1122072.205
            ],
            [
              340892.99,
              1122070.866
            ],
            [
              340894.391,
              1122070.256
            ],
            [
              340895.929,
              1122070.174
            ],
            [
              340897.486,
              1122070.886
            ],
            [
              340898.579,
              1122072.281
            ],
            [
              340898.913,
              1122073.695
            ]
          ]
        ]
      },
      "properties": {
        "id": "co-031",
        "confianza": 0.5967,
        "areaM2": 34.661,
        "diametroM": 6.643,
        "centroide": [
          340895.752,
          1122073.656
        ],
        "origen": "automatico",
        "eliminada": false
      }
    },
    {
      "type": "Feature",
      "id": "co-032",
      "geometry": {
        "type": "Polygon",
        "coordinates": [
          [
            [
              340932.909,
              1122073.823
            ],
            [
              340933.041,
              1122076.292
            ],
            [
              340931.212,
              1122076.837
            ],
            [
              340930.099,
              1122077.212
            ],
            [
              340928.679,
              1122077.436
            ],
            [
              340926.739,
              1122077.338
            ],
            [
              340926.584,
              1122076.133
            ],
            [
              340925.3,
              1122074.648
            ],
            [
              340925.953,
              1122072.823
            ],
            [
              340927.238,
              1122071.474
            ],
            [
              340928.931,
              1122071.206
            ],
            [
              340930.611,
              1122070.357
            ],
            [
              340931.866,
              1122071.732
            ],
            [
              340932.44,
              1122072.403
            ],
            [
              340932.909,
              1122073.823
            ]
          ]
        ]
      },
      "properties": {
        "id": "co-032",
        "confianza": 0.8681,
        "areaM2": 39.114,
        "diametroM": 7.057,
        "centroide": [
          340929.357,
          1122074.202
        ],
        "origen": "automatico",
        "eliminada": false
      }
    },
    {
      "type": "Feature",
      "id": "co-033",
      "geometry": {
        "type": "Polygon",
        "coordinates": [
          [
            [
              340955.378,
              1122074.374
            ],
            [
              340954.45,
              1122076.879
            ],
            [
              340953.405,
              1122078.119
            ],
            [
              340952.001,
              1122078.798
            ],
            [
              340949.399,
              1122077.632
            ],
            [
              340947.777,
              1122075.276
            ],
            [
              340947.81,
              1122073.745
            ],
            [
              340948.88,
              1122071.703
            ],
            [
              340951.307,
              1122070.467
            ],
            [
              340953.78,
              1122071.867
            ],
            [
              340955.008,
              1122073.276
            ],
            [
              340955.378,
              1122074.374
            ]
          ]
        ]
      },
      "properties": {
        "id": "co-033",
        "confianza": 0.9114,
        "areaM2": 43.622,
        "diametroM": 7.453,
        "centroide": [
          340951.507,
          1122074.628
        ],
        "origen": "automatico",
        "eliminada": false
      }
    },
    {
      "type": "Feature",
      "id": "co-034",
      "geometry": {
        "type": "Polygon",
        "coordinates": [
          [
            [
              340947.223,
              1122074.344
            ],
            [
              340946.734,
              1122075.619
            ],
            [
              340945.889,
              1122076.722
            ],
            [
              340944.149,
              1122077.432
            ],
            [
              340942.723,
              1122077.452
            ],
            [
              340942.058,
              1122076.395
            ],
            [
              340941.331,
              1122075.59
            ],
            [
              340940.587,
              1122074.064
            ],
            [
              340942.049,
              1122072.385
            ],
            [
              340942.574,
              1122071.552
            ],
            [
              340945.054,
              1122071.591
            ],
            [
              340945.586,
              1122072.2
            ],
            [
              340947.491,
              1122073.493
            ],
            [
              340947.223,
              1122074.344
            ]
          ]
        ]
      },
      "properties": {
        "id": "co-034",
        "confianza": 0.4865,
        "areaM2": 28.102,
        "diametroM": 5.982,
        "centroide": [
          340944.028,
          1122074.43
        ],
        "origen": "automatico",
        "eliminada": false
      }
    },
    {
      "type": "Feature",
      "id": "co-035",
      "geometry": {
        "type": "Polygon",
        "coordinates": [
          [
            [
              340912.747,
              1122076.762
            ],
            [
              340912.787,
              1122077.686
            ],
            [
              340911.824,
              1122078.31
            ],
            [
              340910.856,
              1122078.862
            ],
            [
              340909.821,
              1122078.634
            ],
            [
              340908.464,
              1122078.248
            ],
            [
              340908.681,
              1122077.066
            ],
            [
              340908.232,
              1122075.55
            ],
            [
              340908.931,
              1122075.094
            ],
            [
              340909.518,
              1122074.301
            ],
            [
              340910.782,
              1122073.756
            ],
            [
              340911.797,
              1122074.286
            ],
            [
              340912.552,
              1122075.228
            ],
            [
              340912.747,
              1122076.762
            ]
          ]
        ]
      },
      "properties": {
        "id": "co-035",
        "confianza": 0.5037,
        "areaM2": 16.992,
        "diametroM": 4.651,
        "centroide": [
          340910.58,
          1122076.417
        ],
        "origen": "automatico",
        "eliminada": false
      }
    },
    {
      "type": "Feature",
      "id": "co-036",
      "geometry": {
        "type": "Polygon",
        "coordinates": [
          [
            [
              340866.741,
              1122077.294
            ],
            [
              340866.636,
              1122078.572
            ],
            [
              340865.762,
              1122079.496
            ],
            [
              340864.952,
              1122079.219
            ],
            [
              340863.882,
              1122079.506
            ],
            [
              340863.095,
              1122078.392
            ],
            [
              340862.805,
              1122077.37
            ],
            [
              340863.023,
              1122076.335
            ],
            [
              340863.913,
              1122074.758
            ],
            [
              340864.556,
              1122074.599
            ],
            [
              340866.142,
              1122074.952
            ],
            [
              340867.156,
              1122075.944
            ],
            [
              340866.741,
              1122077.294
            ]
          ]
        ]
      },
      "properties": {
        "id": "co-036",
        "confianza": 0.909,
        "areaM2": 15.865,
        "diametroM": 4.494,
        "centroide": [
          340864.932,
          1122077.056
        ],
        "origen": "automatico",
        "eliminada": false
      }
    },
    {
      "type": "Feature",
      "id": "co-037",
      "geometry": {
        "type": "Polygon",
        "coordinates": [
          [
            [
              340884.261,
              1122077.997
            ],
            [
              340883.638,
              1122079.039
            ],
            [
              340883.359,
              1122079.369
            ],
            [
              340882.015,
              1122080.198
            ],
            [
              340881.227,
              1122079.843
            ],
            [
              340880.436,
              1122079.763
            ],
            [
              340879.634,
              1122078.973
            ],
            [
              340879.46,
              1122078.029
            ],
            [
              340878.762,
              1122077.564
            ],
            [
              340879.297,
              1122076.625
            ],
            [
              340880.725,
              1122075.684
            ],
            [
              340881.336,
              1122075.27
            ],
            [
              340882.113,
              1122075.747
            ],
            [
              340883.667,
              1122075.952
            ],
            [
              340884.057,
              1122076.779
            ],
            [
              340884.261,
              1122077.997
            ]
          ]
        ]
      },
      "properties": {
        "id": "co-037",
        "confianza": 0.934,
        "areaM2": 17.818,
        "diametroM": 4.763,
        "centroide": [
          340881.681,
          1122077.716
        ],
        "origen": "automatico",
        "eliminada": false
      }
    },
    {
      "type": "Feature",
      "id": "co-038",
      "geometry": {
        "type": "Polygon",
        "coordinates": [
          [
            [
              340950.557,
              1122080.603
            ],
            [
              340950.578,
              1122082.066
            ],
            [
              340949.139,
              1122082.91
            ],
            [
              340948.358,
              1122083.829
            ],
            [
              340946.961,
              1122084.728
            ],
            [
              340945.673,
              1122084.067
            ],
            [
              340943.605,
              1122083.316
            ],
            [
              340942.982,
              1122082.626
            ],
            [
              340943.313,
              1122080.675
            ],
            [
              340942.618,
              1122079.403
            ],
            [
              340943.923,
              1122078.163
            ],
            [
              340945.325,
              1122077.103
            ],
            [
              340946.648,
              1122077.037
            ],
            [
              340948.012,
              1122076.606
            ],
            [
              340949.319,
              1122077.336
            ],
            [
              340950.607,
              1122079.171
            ],
            [
              340950.557,
              1122080.603
            ]
          ]
        ]
      },
      "properties": {
        "id": "co-038",
        "confianza": 0.8154,
        "areaM2": 46.112,
        "diametroM": 7.662,
        "centroide": [
          340946.762,
          1122080.54
        ],
        "origen": "automatico",
        "eliminada": false
      }
    },
    {
      "type": "Feature",
      "id": "co-039",
      "geometry": {
        "type": "Polygon",
        "coordinates": [
          [
            [
              340891.79,
              1122080.505
            ],
            [
              340891.724,
              1122081.452
            ],
            [
              340891.271,
              1122083.322
            ],
            [
              340889.645,
              1122083.54
            ],
            [
              340888.24,
              1122083.649
            ],
            [
              340887.067,
              1122083.226
            ],
            [
              340886.096,
              1122082.163
            ],
            [
              340885.875,
              1122081.359
            ],
            [
              340885.719,
              1122079.685
            ],
            [
              340886.248,
              1122078.516
            ],
            [
              340887.039,
              1122078.182
            ],
            [
              340888.804,
              1122077.597
            ],
            [
              340890.111,
              1122077.57
            ],
            [
              340891.074,
              1122078.305
            ],
            [
              340891.819,
              1122079.292
            ],
            [
              340891.79,
              1122080.505
            ]
          ]
        ]
      },
      "properties": {
        "id": "co-039",
        "confianza": 0.3149,
        "areaM2": 30.438,
        "diametroM": 6.225,
        "centroide": [
          340888.866,
          1122080.631
        ],
        "origen": "automatico",
        "eliminada": false
      }
    },
    {
      "type": "Feature",
      "id": "co-040",
      "geometry": {
        "type": "Polygon",
        "coordinates": [
          [
            [
              340878.216,
              1122081.189
            ],
            [
              340878.304,
              1122081.89
            ],
            [
              340877.271,
              1122083.258
            ],
            [
              340876.743,
              1122083.135
            ],
            [
              340875.312,
              1122082.874
            ],
            [
              340874.243,
              1122082.738
            ],
            [
              340873.567,
              1122081.757
            ],
            [
              340874.187,
              1122080.826
            ],
            [
              340874.782,
              1122079.606
            ],
            [
              340874.835,
              1122078.633
            ],
            [
              340876.275,
              1122078.647
            ],
            [
              340877.541,
              1122078.995
            ],
            [
              340878.369,
              1122079.587
            ],
            [
              340878.216,
              1122081.189
            ]
          ]
        ]
      },
      "properties": {
        "id": "co-040",
        "confianza": 0.825,
        "areaM2": 16.244,
        "diametroM": 4.548,
        "centroide": [
          340876.183,
          1122080.953
        ],
        "origen": "automatico",
        "eliminada": false
      }
    },
    {
      "type": "Feature",
      "id": "co-041",
      "geometry": {
        "type": "Polygon",
        "coordinates": [
          [
            [
              340912.629,
              1122083.991
            ],
            [
              340912.604,
              1122085.137
            ],
            [
              340910.17,
              1122086.381
            ],
            [
              340908.489,
              1122086.43
            ],
            [
              340907.557,
              1122085.871
            ],
            [
              340906.153,
              1122084.934
            ],
            [
              340906.184,
              1122082.922
            ],
            [
              340907.713,
              1122080.964
            ],
            [
              340908.913,
              1122080.406
            ],
            [
              340910.608,
              1122080.819
            ],
            [
              340912.035,
              1122082.333
            ],
            [
              340912.629,
              1122083.991
            ]
          ]
        ]
      },
      "properties": {
        "id": "co-041",
        "confianza": 0.9536,
        "areaM2": 29.137,
        "diametroM": 6.091,
        "centroide": [
          340909.34,
          1122083.587
        ],
        "origen": "automatico",
        "eliminada": false
      }
    },
    {
      "type": "Feature",
      "id": "co-042",
      "geometry": {
        "type": "Polygon",
        "coordinates": [
          [
            [
              340863.446,
              1122083.78
            ],
            [
              340863.056,
              1122085.02
            ],
            [
              340861.89,
              1122085.697
            ],
            [
              340860.889,
              1122086.225
            ],
            [
              340859.398,
              1122086.408
            ],
            [
              340857.988,
              1122084.925
            ],
            [
              340858.281,
              1122084.258
            ],
            [
              340858.851,
              1122082.497
            ],
            [
              340859.543,
              1122081.01
            ],
            [
              340860.843,
              1122081.136
            ],
            [
              340861.91,
              1122081.799
            ],
            [
              340863.559,
              1122082.581
            ],
            [
              340863.446,
              1122083.78
            ]
          ]
        ]
      },
      "properties": {
        "id": "co-042",
        "confianza": 0.6181,
        "areaM2": 20.642,
        "diametroM": 5.127,
        "centroide": [
          340860.744,
          1122083.778
        ],
        "origen": "automatico",
        "eliminada": false
      }
    },
    {
      "type": "Feature",
      "id": "co-043",
      "geometry": {
        "type": "Polygon",
        "coordinates": [
          [
            [
              340900.268,
              1122085.242
            ],
            [
              340899.937,
              1122086.04
            ],
            [
              340898.35,
              1122087.27
            ],
            [
              340897.388,
              1122087.46
            ],
            [
              340895.974,
              1122087.671
            ],
            [
              340894.848,
              1122087.955
            ],
            [
              340894.019,
              1122086.514
            ],
            [
              340893.247,
              1122084.997
            ],
            [
              340893.679,
              1122084.578
            ],
            [
              340893.94,
              1122083.305
            ],
            [
              340895.142,
              1122082.043
            ],
            [
              340896.599,
              1122081.971
            ],
            [
              340897.194,
              1122081.733
            ],
            [
              340898.908,
              1122082.629
            ],
            [
              340899.637,
              1122082.99
            ],
            [
              340900.268,
              1122085.242
            ]
          ]
        ]
      },
      "properties": {
        "id": "co-043",
        "confianza": 0.9495,
        "areaM2": 30.729,
        "diametroM": 6.255,
        "centroide": [
          340896.746,
          1122084.825
        ],
        "origen": "automatico",
        "eliminada": false
      }
    },
    {
      "type": "Feature",
      "id": "co-044",
      "geometry": {
        "type": "Polygon",
        "coordinates": [
          [
            [
              340955.974,
              1122085.578
            ],
            [
              340955.296,
              1122087.889
            ],
            [
              340954.929,
              1122089.455
            ],
            [
              340953.32,
              1122090.286
            ],
            [
              340951.339,
              1122089.517
            ],
            [
              340949.172,
              1122088.804
            ],
            [
              340948.704,
              1122086.72
            ],
            [
              340949.271,
              1122085.088
            ],
            [
              340949.42,
              1122083.921
            ],
            [
              340951.013,
              1122082.259
            ],
            [
              340952.675,
              1122081.984
            ],
            [
              340954.785,
              1122082.687
            ],
            [
              340955.831,
              1122083.687
            ],
            [
              340955.974,
              1122085.578
            ]
          ]
        ]
      },
      "properties": {
        "id": "co-044",
        "confianza": 0.7436,
        "areaM2": 45.337,
        "diametroM": 7.598,
        "centroide": [
          340952.45,
          1122086.052
        ],
        "origen": "automatico",
        "eliminada": false
      }
    },
    {
      "type": "Feature",
      "id": "co-045",
      "geometry": {
        "type": "Polygon",
        "coordinates": [
          [
            [
              340920.675,
              1122086.917
            ],
            [
              340919.975,
              1122088.479
            ],
            [
              340918.228,
              1122090.044
            ],
            [
              340916.847,
              1122090.717
            ],
            [
              340915.81,
              1122091.306
            ],
            [
              340913.988,
              1122090.539
            ],
            [
              340913.249,
              1122088.771
            ],
            [
              340912.319,
              1122086.597
            ],
            [
              340912.84,
              1122085.067
            ],
            [
              340914.388,
              1122084.218
            ],
            [
              340915.902,
              1122083.644
            ],
            [
              340916.897,
              1122083.702
            ],
            [
              340919.409,
              1122084.148
            ],
            [
              340919.966,
              1122086.048
            ],
            [
              340920.675,
              1122086.917
            ]
          ]
        ]
      },
      "properties": {
        "id": "co-045",
        "confianza": 0.8647,
        "areaM2": 44.378,
        "diametroM": 7.517,
        "centroide": [
          340916.379,
          1122087.176
        ],
        "origen": "automatico",
        "eliminada": false
      }
    },
    {
      "type": "Feature",
      "id": "co-046",
      "geometry": {
        "type": "Polygon",
        "coordinates": [
          [
            [
              340907.928,
              1122087.401
            ],
            [
              340907.962,
              1122088.781
            ],
            [
              340905.909,
              1122090.265
            ],
            [
              340904.851,
              1122090.848
            ],
            [
              340902.902,
              1122090.457
            ],
            [
              340901.33,
              1122089.197
            ],
            [
              340901.017,
              1122087.615
            ],
            [
              340900.666,
              1122086.017
            ],
            [
              340901.676,
              1122085.471
            ],
            [
              340902.21,
              1122083.669
            ],
            [
              340904.68,
              1122083.557
            ],
            [
              340906.226,
              1122083.712
            ],
            [
              340907.541,
              1122085.986
            ],
            [
              340907.928,
              1122087.401
            ]
          ]
        ]
      },
      "properties": {
        "id": "co-046",
        "confianza": 0.973,
        "areaM2": 39.926,
        "diametroM": 7.13,
        "centroide": [
          340904.371,
          1122087.111
        ],
        "origen": "automatico",
        "eliminada": false
      }
    },
    {
      "type": "Feature",
      "id": "co-047",
      "geometry": {
        "type": "Polygon",
        "coordinates": [
          [
            [
              340884.335,
              1122088.379
            ],
            [
              340883.474,
              1122089.565
            ],
            [
              340882.865,
              1122091.356
            ],
            [
              340881.556,
              1122090.952
            ],
            [
              340879.432,
              1122091.402
            ],
            [
              340878.094,
              1122091.233
            ],
            [
              340877.718,
              1122089.691
            ],
            [
              340877.173,
              1122087.588
            ],
            [
              340877.861,
              1122086.466
            ],
            [
              340878.494,
              1122085.176
            ],
            [
              340879.021,
              1122084.172
            ],
            [
              340881.183,
              1122084.332
            ],
            [
              340882.671,
              1122084.822
            ],
            [
              340883.439,
              1122085.971
            ],
            [
              340884.335,
              1122088.379
            ]
          ]
        ]
      },
      "properties": {
        "id": "co-047",
        "confianza": 0.8688,
        "areaM2": 38.662,
        "diametroM": 7.016,
        "centroide": [
          340880.647,
          1122087.908
        ],
        "origen": "automatico",
        "eliminada": false
      }
    },
    {
      "type": "Feature",
      "id": "co-048",
      "geometry": {
        "type": "Polygon",
        "coordinates": [
          [
            [
              340868.008,
              1122088.223
            ],
            [
              340867.295,
              1122088.94
            ],
            [
              340866.581,
              1122089.69
            ],
            [
              340865.708,
              1122090.465
            ],
            [
              340864.719,
              1122090.674
            ],
            [
              340864.248,
              1122089.774
            ],
            [
              340863.251,
              1122088.954
            ],
            [
              340863.382,
              1122088.259
            ],
            [
              340863.023,
              1122087.212
            ],
            [
              340864.227,
              1122086.253
            ],
            [
              340865.175,
              1122085.643
            ],
            [
              340866.056,
              1122086.093
            ],
            [
              340866.977,
              1122086.268
            ],
            [
              340867.65,
              1122086.861
            ],
            [
              340868.008,
              1122088.223
            ]
          ]
        ]
      },
      "properties": {
        "id": "co-048",
        "confianza": 0.843,
        "areaM2": 16.097,
        "diametroM": 4.527,
        "centroide": [
          340865.458,
          1122088.047
        ],
        "origen": "automatico",
        "eliminada": false
      }
    },
    {
      "type": "Feature",
      "id": "co-049",
      "geometry": {
        "type": "Polygon",
        "coordinates": [
          [
            [
              340945.087,
              1122088.125
            ],
            [
              340944.776,
              1122089.184
            ],
            [
              340944.454,
              1122090.265
            ],
            [
              340943.924,
              1122090.532
            ],
            [
              340942.635,
              1122090.953
            ],
            [
              340942.327,
              1122090.492
            ],
            [
              340940.921,
              1122089.963
            ],
            [
              340940.77,
              1122089.317
            ],
            [
              340940.766,
              1122088.492
            ],
            [
              340940.767,
              1122087.749
            ],
            [
              340941.301,
              1122087.093
            ],
            [
              340942.139,
              1122086.417
            ],
            [
              340942.699,
              1122086.305
            ],
            [
              340944.136,
              1122086.271
            ],
            [
              340944.56,
              1122086.783
            ],
            [
              340944.867,
              1122087.531
            ],
            [
              340945.087,
              1122088.125
            ]
          ]
        ]
      },
      "properties": {
        "id": "co-049",
        "confianza": 0.9406,
        "areaM2": 15.438,
        "diametroM": 4.434,
        "centroide": [
          340942.901,
          1122088.493
        ],
        "origen": "automatico",
        "eliminada": false
      }
    },
    {
      "type": "Feature",
      "id": "co-050",
      "geometry": {
        "type": "Polygon",
        "coordinates": [
          [
            [
              340900.411,
              1122091.519
            ],
            [
              340900.121,
              1122092.498
            ],
            [
              340899.375,
              1122093.107
            ],
            [
              340898.555,
              1122093.181
            ],
            [
              340897.558,
              1122093.864
            ],
            [
              340896.371,
              1122093.458
            ],
            [
              340896.067,
              1122092.512
            ],
            [
              340895.523,
              1122091.796
            ],
            [
              340895.365,
              1122090.718
            ],
            [
              340895.796,
              1122089.786
            ],
            [
              340896.505,
              1122089.049
            ],
            [
              340897.504,
              1122089.316
            ],
            [
              340898.66,
              1122088.952
            ],
            [
              340899.185,
              1122089.906
            ],
            [
              340899.892,
              1122090.635
            ],
            [
              340900.411,
              1122091.519
            ]
          ]
        ]
      },
      "properties": {
        "id": "co-050",
        "confianza": 0.8993,
        "areaM2": 17.058,
        "diametroM": 4.66,
        "centroide": [
          340897.764,
          1122091.356
        ],
        "origen": "automatico",
        "eliminada": false
      }
    },
    {
      "type": "Feature",
      "id": "co-051",
      "geometry": {
        "type": "Polygon",
        "coordinates": [
          [
            [
              340919.641,
              1122094.871
            ],
            [
              340919.323,
              1122096.514
            ],
            [
              340918.326,
              1122097.881
            ],
            [
              340916.51,
              1122098.303
            ],
            [
              340914.432,
              1122098.432
            ],
            [
              340913.472,
              1122097.765
            ],
            [
              340912.155,
              1122095.184
            ],
            [
              340912.779,
              1122093.389
            ],
            [
              340913.698,
              1122091.67
            ],
            [
              340914.761,
              1122090.784
            ],
            [
              340916.517,
              1122091.391
            ],
            [
              340918.359,
              1122092.046
            ],
            [
              340919.422,
              1122092.526
            ],
            [
              340919.641,
              1122094.871
            ]
          ]
        ]
      },
      "properties": {
        "id": "co-051",
        "confianza": 0.9431,
        "areaM2": 42.752,
        "diametroM": 7.378,
        "centroide": [
          340915.99,
          1122094.793
        ],
        "origen": "automatico",
        "eliminada": false
      }
    },
    {
      "type": "Feature",
      "id": "co-052",
      "geometry": {
        "type": "Polygon",
        "coordinates": [
          [
            [
              340868.171,
              1122094.93
            ],
            [
              340867.099,
              1122096.873
            ],
            [
              340865.284,
              1122097.975
            ],
            [
              340863.623,
              1122098.318
            ],
            [
              340862.31,
              1122097.74
            ],
            [
              340860.633,
              1122096.108
            ],
            [
              340860.356,
              1122094.852
            ],
            [
              340860.669,
              1122092.414
            ],
            [
              340862.44,
              1122091.006
            ],
            [
              340863.727,
              1122091.031
            ],
            [
              340866.13,
              1122092.032
            ],
            [
              340867.261,
              1122092.963
            ],
            [
              340868.171,
              1122094.93
            ]
          ]
        ]
      },
      "properties": {
        "id": "co-052",
        "confianza": 0.7522,
        "areaM2": 41.431,
        "diametroM": 7.263,
        "centroide": [
          340864.021,
          1122094.627
        ],
        "origen": "automatico",
        "eliminada": false
      }
    },
    {
      "type": "Feature",
      "id": "co-053",
      "geometry": {
        "type": "Polygon",
        "coordinates": [
          [
            [
              340949.842,
              1122094.787
            ],
            [
              340949.681,
              1122096.45
            ],
            [
              340949.336,
              1122097.453
            ],
            [
              340948.046,
              1122098.123
            ],
            [
              340946.582,
              1122098.59
            ],
            [
              340944.967,
              1122097.353
            ],
            [
              340944.097,
              1122096.938
            ],
            [
              340943.877,
              1122095.097
            ],
            [
              340943.561,
              1122094.349
            ],
            [
              340944.002,
              1122092.717
            ],
            [
              340944.715,
              1122091.96
            ],
            [
              340946.32,
              1122091.368
            ],
            [
              340947.766,
              1122091.445
            ],
            [
              340948.968,
              1122092.188
            ],
            [
              340949.665,
              1122093.75
            ],
            [
              340949.842,
              1122094.787
            ]
          ]
        ]
      },
      "properties": {
        "id": "co-053",
        "confianza": 0.9776,
        "areaM2": 34.552,
        "diametroM": 6.633,
        "centroide": [
          340946.795,
          1122094.838
        ],
        "origen": "automatico",
        "eliminada": false
      }
    },
    {
      "type": "Feature",
      "id": "co-054",
      "geometry": {
        "type": "Polygon",
        "coordinates": [
          [
            [
              340858.489,
              1122094.436
            ],
            [
              340858.036,
              1122096.909
            ],
            [
              340856.912,
              1122098.887
            ],
            [
              340854.359,
              1122098.676
            ],
            [
              340853.097,
              1122097.434
            ],
            [
              340851.708,
              1122096.628
            ],
            [
              340852.143,
              1122094.509
            ],
            [
              340852.619,
              1122091.818
            ],
            [
              340854.865,
              1122091.246
            ],
            [
              340857.085,
              1122091.126
            ],
            [
              340858.306,
              1122093.487
            ],
            [
              340858.489,
              1122094.436
            ]
          ]
        ]
      },
      "properties": {
        "id": "co-054",
        "confianza": 0.3001,
        "areaM2": 40.255,
        "diametroM": 7.159,
        "centroide": [
          340855.239,
          1122094.917
        ],
        "origen": "automatico",
        "eliminada": false
      }
    },
    {
      "type": "Feature",
      "id": "co-055",
      "geometry": {
        "type": "Polygon",
        "coordinates": [
          [
            [
              340959.425,
              1122094.767
            ],
            [
              340958.564,
              1122096.758
            ],
            [
              340957.346,
              1122098.225
            ],
            [
              340956.738,
              1122098.946
            ],
            [
              340954.706,
              1122098.956
            ],
            [
              340953.238,
              1122098.371
            ],
            [
              340951.611,
              1122096.923
            ],
            [
              340951.836,
              1122094.774
            ],
            [
              340951.804,
              1122092.727
            ],
            [
              340953.529,
              1122091.894
            ],
            [
              340954.607,
              1122091.321
            ],
            [
              340955.784,
              1122091.751
            ],
            [
              340957.182,
              1122092.028
            ],
            [
              340958.07,
              1122093.165
            ],
            [
              340959.425,
              1122094.767
            ]
          ]
        ]
      },
      "properties": {
        "id": "co-055",
        "confianza": 0.7591,
        "areaM2": 43.611,
        "diametroM": 7.452,
        "centroide": [
          340955.224,
          1122095.226
        ],
        "origen": "automatico",
        "eliminada": false
      }
    },
    {
      "type": "Feature",
      "id": "co-056",
      "geometry": {
        "type": "Polygon",
        "coordinates": [
          [
            [
              340909.774,
              1122096.578
            ],
            [
              340909.066,
              1122097.864
            ],
            [
              340907.2,
              1122099.239
            ],
            [
              340906.521,
              1122099.923
            ],
            [
              340904.392,
              1122099.438
            ],
            [
              340903.081,
              1122097.928
            ],
            [
              340902.74,
              1122096.283
            ],
            [
              340903.037,
              1122094.379
            ],
            [
              340904.227,
              1122093.774
            ],
            [
              340905.666,
              1122093.794
            ],
            [
              340907.487,
              1122093.911
            ],
            [
              340908.984,
              1122095.405
            ],
            [
              340909.774,
              1122096.578
            ]
          ]
        ]
      },
      "properties": {
        "id": "co-056",
        "confianza": 0.8606,
        "areaM2": 31.39,
        "diametroM": 6.322,
        "centroide": [
          340905.963,
          1122096.608
        ],
        "origen": "automatico",
        "eliminada": false
      }
    },
    {
      "type": "Feature",
      "id": "co-057",
      "geometry": {
        "type": "Polygon",
        "coordinates": [
          [
            [
              340889.776,
              1122097.226
            ],
            [
              340889.287,
              1122099.89
            ],
            [
              340887.852,
              1122100.715
            ],
            [
              340887.278,
              1122101.356
            ],
            [
              340885.121,
              1122101.557
            ],
            [
              340883.718,
              1122100.814
            ],
            [
              340882.754,
              1122098.031
            ],
            [
              340883.324,
              1122096.931
            ],
            [
              340884.092,
              1122095.248
            ],
            [
              340885.368,
              1122094.663
            ],
            [
              340886.137,
              1122093.923
            ],
            [
              340887.917,
              1122094.911
            ],
            [
              340888.83,
              1122095.782
            ],
            [
              340889.776,
              1122097.226
            ]
          ]
        ]
      },
      "properties": {
        "id": "co-057",
        "confianza": 0.9397,
        "areaM2": 37.33,
        "diametroM": 6.894,
        "centroide": [
          340886.261,
          1122097.982
        ],
        "origen": "automatico",
        "eliminada": false
      }
    },
    {
      "type": "Feature",
      "id": "co-058",
      "geometry": {
        "type": "Polygon",
        "coordinates": [
          [
            [
              340898.356,
              1122099.897
            ],
            [
              340897.837,
              1122101.273
            ],
            [
              340897.393,
              1122101.951
            ],
            [
              340895.382,
              1122101.785
            ],
            [
              340893.627,
              1122101.218
            ],
            [
              340892.789,
              1122100.117
            ],
            [
              340892.879,
              1122099.142
            ],
            [
              340894.242,
              1122097.129
            ],
            [
              340894.746,
              1122096.777
            ],
            [
              340897.085,
              1122097.333
            ],
            [
              340898.021,
              1122097.725
            ],
            [
              340898.356,
              1122099.897
            ]
          ]
        ]
      },
      "properties": {
        "id": "co-058",
        "confianza": 0.8043,
        "areaM2": 21.68,
        "diametroM": 5.254,
        "centroide": [
          340895.689,
          1122099.454
        ],
        "origen": "automatico",
        "eliminada": false
      }
    },
    {
      "type": "Feature",
      "id": "co-059",
      "geometry": {
        "type": "Polygon",
        "coordinates": [
          [
            [
              340942.084,
              1122100.328
            ],
            [
              340940.849,
              1122101.362
            ],
            [
              340939.838,
              1122102.199
            ],
            [
              340937.268,
              1122102.945
            ],
            [
              340935.797,
              1122101.846
            ],
            [
              340934.809,
              1122100.835
            ],
            [
              340934.661,
              1122098.991
            ],
            [
              340935.631,
              1122096.612
            ],
            [
              340938.15,
              1122095.538
            ],
            [
              340939.492,
              1122096.129
            ],
            [
              340941.112,
              1122097.453
            ],
            [
              340942.084,
              1122100.328
            ]
          ]
        ]
      },
      "properties": {
        "id": "co-059",
        "confianza": 0.9875,
        "areaM2": 38.177,
        "diametroM": 6.972,
        "centroide": [
          340938.157,
          1122099.287
        ],
        "origen": "automatico",
        "eliminada": false
      }
    },
    {
      "type": "Feature",
      "id": "co-060",
      "geometry": {
        "type": "Polygon",
        "coordinates": [
          [
            [
              340926.984,
              1122099.948
            ],
            [
              340926.431,
              1122101.001
            ],
            [
              340925.911,
              1122101.486
            ],
            [
              340925.029,
              1122101.902
            ],
            [
              340923.947,
              1122102.271
            ],
            [
              340923.157,
              1122102.31
            ],
            [
              340922.598,
              1122101.201
            ],
            [
              340922.404,
              1122100.431
            ],
            [
              340922.312,
              1122099.449
            ],
            [
              340922.563,
              1122098.713
            ],
            [
              340922.885,
              1122098.094
            ],
            [
              340924.209,
              1122097.892
            ],
            [
              340925.123,
              1122098.199
            ],
            [
              340926.211,
              1122098.432
            ],
            [
              340926.606,
              1122099.21
            ],
            [
              340926.984,
              1122099.948
            ]
          ]
        ]
      },
      "properties": {
        "id": "co-060",
        "confianza": 0.366,
        "areaM2": 15.25,
        "diametroM": 4.406,
        "centroide": [
          340924.444,
          1122100.023
        ],
        "origen": "automatico",
        "eliminada": false
      }
    },
    {
      "type": "Feature",
      "id": "co-061",
      "geometry": {
        "type": "Polygon",
        "coordinates": [
          [
            [
              340955.262,
              1122102.258
            ],
            [
              340955.298,
              1122102.986
            ],
            [
              340954.272,
              1122103.702
            ],
            [
              340953.39,
              1122104.045
            ],
            [
              340952.465,
              1122103.827
            ],
            [
              340951.772,
              1122103.277
            ],
            [
              340951.258,
              1122102.944
            ],
            [
              340951.565,
              1122101.612
            ],
            [
              340951.658,
              1122101.146
            ],
            [
              340952.747,
              1122100.3
            ],
            [
              340953.701,
              1122099.941
            ],
            [
              340954.695,
              1122100.473
            ],
            [
              340955.119,
              1122100.915
            ],
            [
              340955.262,
              1122102.258
            ]
          ]
        ]
      },
      "properties": {
        "id": "co-061",
        "confianza": 0.858,
        "areaM2": 11.997,
        "diametroM": 3.908,
        "centroide": [
          340953.38,
          1122102.061
        ],
        "origen": "automatico",
        "eliminada": false
      }
    },
    {
      "type": "Feature",
      "id": "co-062",
      "geometry": {
        "type": "Polygon",
        "coordinates": [
          [
            [
              340850.238,
              1122102.197
            ],
            [
              340849.941,
              1122103.568
            ],
            [
              340849.488,
              1122104.002
            ],
            [
              340848.137,
              1122105.075
            ],
            [
              340847.184,
              1122104.895
            ],
            [
              340846.438,
              1122103.688
            ],
            [
              340845.936,
              1122102.743
            ],
            [
              340846.267,
              1122101.779
            ],
            [
              340846.8,
              1122101.286
            ],
            [
              340847.198,
              1122100.234
            ],
            [
              340848.275,
              1122100.237
            ],
            [
              340849.163,
              1122100.478
            ],
            [
              340850.145,
              1122101.24
            ],
            [
              340850.238,
              1122102.197
            ]
          ]
        ]
      },
      "properties": {
        "id": "co-062",
        "confianza": 0.9049,
        "areaM2": 14.826,
        "diametroM": 4.345,
        "centroide": [
          340848.151,
          1122102.537
        ],
        "origen": "automatico",
        "eliminada": false
      }
    },
    {
      "type": "Feature",
      "id": "co-063",
      "geometry": {
        "type": "Polygon",
        "coordinates": [
          [
            [
              340883.125,
              1122103.116
            ],
            [
              340882.587,
              1122104.393
            ],
            [
              340882.337,
              1122105.255
            ],
            [
              340880.514,
              1122105.426
            ],
            [
              340878.74,
              1122105.206
            ],
            [
              340877.813,
              1122104.422
            ],
            [
              340876.585,
              1122103.366
            ],
            [
              340876.631,
              1122102.001
            ],
            [
              340877.228,
              1122100.354
            ],
            [
              340878.808,
              1122099.495
            ],
            [
              340880.59,
              1122099.358
            ],
            [
              340881.629,
              1122099.535
            ],
            [
              340883.059,
              1122101.022
            ],
            [
              340883.125,
              1122103.116
            ]
          ]
        ]
      },
      "properties": {
        "id": "co-063",
        "confianza": 0.9228,
        "areaM2": 31.992,
        "diametroM": 6.382,
        "centroide": [
          340879.984,
          1122102.39
        ],
        "origen": "automatico",
        "eliminada": false
      }
    },
    {
      "type": "Feature",
      "id": "co-064",
      "geometry": {
        "type": "Polygon",
        "coordinates": [
          [
            [
              340910.973,
              1122102.599
            ],
            [
              340910.462,
              1122104.034
            ],
            [
              340908.983,
              1122104.785
            ],
            [
              340907.592,
              1122105.471
            ],
            [
              340906.723,
              1122104.236
            ],
            [
              340906.07,
              1122102.973
            ],
            [
              340905.765,
              1122101.735
            ],
            [
              340906.751,
              1122100.671
            ],
            [
              340907.797,
              1122100.268
            ],
            [
              340909.428,
              1122100.654
            ],
            [
              340910.067,
              1122101.019
            ],
            [
              340910.973,
              1122102.599
            ]
          ]
        ]
      },
      "properties": {
        "id": "co-064",
        "confianza": 0.3921,
        "areaM2": 18.036,
        "diametroM": 4.792,
        "centroide": [
          340908.318,
          1122102.67
        ],
        "origen": "automatico",
        "eliminada": false
      }
    },
    {
      "type": "Feature",
      "id": "co-065",
      "geometry": {
        "type": "Polygon",
        "coordinates": [
          [
            [
              340922.721,
              1122102.973
            ],
            [
              340922.444,
              1122103.798
            ],
            [
              340921.662,
              1122105.469
            ],
            [
              340919.952,
              1122106.003
            ],
            [
              340918.41,
              1122105.809
            ],
            [
              340917.981,
              1122104.711
            ],
            [
              340916.585,
              1122104.009
            ],
            [
              340916.22,
              1122102.622
            ],
            [
              340916.812,
              1122101.103
            ],
            [
              340917.935,
              1122100.854
            ],
            [
              340918.756,
              1122099.787
            ],
            [
              340920.026,
              1122099.513
            ],
            [
              340921.348,
              1122100.172
            ],
            [
              340922.041,
              1122101.822
            ],
            [
              340922.721,
              1122102.973
            ]
          ]
        ]
      },
      "properties": {
        "id": "co-065",
        "confianza": 0.7948,
        "areaM2": 28.897,
        "diametroM": 6.066,
        "centroide": [
          340919.559,
          1122102.844
        ],
        "origen": "automatico",
        "eliminada": false
      }
    },
    {
      "type": "Feature",
      "id": "co-066",
      "geometry": {
        "type": "Polygon",
        "coordinates": [
          [
            [
              340857.222,
              1122104.494
            ],
            [
              340856.956,
              1122105.185
            ],
            [
              340856.867,
              1122106.834
            ],
            [
              340855.436,
              1122106.734
            ],
            [
              340854.626,
              1122107.225
            ],
            [
              340853.731,
              1122106.584
            ],
            [
              340852.529,
              1122106.538
            ],
            [
              340852.262,
              1122105.304
            ],
            [
              340852.461,
              1122104.703
            ],
            [
              340852.375,
              1122103.819
            ],
            [
              340853.214,
              1122102.602
            ],
            [
              340853.75,
              1122101.909
            ],
            [
              340854.736,
              1122101.859
            ],
            [
              340855.964,
              1122102.084
            ],
            [
              340856.273,
              1122102.803
            ],
            [
              340857.538,
              1122103.493
            ],
            [
              340857.222,
              1122104.494
            ]
          ]
        ]
      },
      "properties": {
        "id": "co-066",
        "confianza": 0.9273,
        "areaM2": 20.544,
        "diametroM": 5.114,
        "centroide": [
          340854.791,
          1122104.528
        ],
        "origen": "automatico",
        "eliminada": false
      }
    },
    {
      "type": "Feature",
      "id": "co-067",
      "geometry": {
        "type": "Polygon",
        "coordinates": [
          [
            [
              340870.605,
              1122105.01
            ],
            [
              340870.412,
              1122106.23
            ],
            [
              340869.54,
              1122107.425
            ],
            [
              340868.159,
              1122107.965
            ],
            [
              340865.854,
              1122107.28
            ],
            [
              340864.858,
              1122105.69
            ],
            [
              340865.181,
              1122103.361
            ],
            [
              340865.676,
              1122102.172
            ],
            [
              340868.107,
              1122101.695
            ],
            [
              340869.581,
              1122102.381
            ],
            [
              340870.997,
              1122102.974
            ],
            [
              340870.605,
              1122105.01
            ]
          ]
        ]
      },
      "properties": {
        "id": "co-067",
        "confianza": 0.8724,
        "areaM2": 28.932,
        "diametroM": 6.069,
        "centroide": [
          340867.846,
          1122104.754
        ],
        "origen": "automatico",
        "eliminada": false
      }
    },
    {
      "type": "Feature",
      "id": "co-068",
      "geometry": {
        "type": "Polygon",
        "coordinates": [
          [
            [
              340890.779,
              1122104.98
            ],
            [
              340890.744,
              1122105.8
            ],
            [
              340890.106,
              1122106.956
            ],
            [
              340888.936,
              1122107.007
            ],
            [
              340887.602,
              1122106.852
            ],
            [
              340887.119,
              1122105.979
            ],
            [
              340886.78,
              1122104.719
            ],
            [
              340886.79,
              1122103.426
            ],
            [
              340887.999,
              1122102.709
            ],
            [
              340888.762,
              1122102.264
            ],
            [
              340889.835,
              1122103.281
            ],
            [
              340890.805,
              1122103.397
            ],
            [
              340890.779,
              1122104.98
            ]
          ]
        ]
      },
      "properties": {
        "id": "co-068",
        "confianza": 0.9372,
        "areaM2": 14.831,
        "diametroM": 4.346,
        "centroide": [
          340888.804,
          1122104.813
        ],
        "origen": "automatico",
        "eliminada": false
      }
    },
    {
      "type": "Feature",
      "id": "co-069",
      "geometry": {
        "type": "Polygon",
        "coordinates": [
          [
            [
              340905.696,
              1122105.114
            ],
            [
              340904.676,
              1122106.465
            ],
            [
              340903.805,
              1122106.981
            ],
            [
              340903.393,
              1122108.134
            ],
            [
              340902.213,
              1122108.024
            ],
            [
              340900.255,
              1122108.007
            ],
            [
              340899.789,
              1122106.277
            ],
            [
              340899.094,
              1122105.384
            ],
            [
              340898.914,
              1122104.547
            ],
            [
              340899.26,
              1122103.209
            ],
            [
              340900.641,
              1122102.065
            ],
            [
              340901.851,
              1122102.189
            ],
            [
              340903.368,
              1122101.533
            ],
            [
              340903.806,
              1122102.761
            ],
            [
              340905.263,
              1122103.448
            ],
            [
              340905.696,
              1122105.114
            ]
          ]
        ]
      },
      "properties": {
        "id": "co-069",
        "confianza": 0.7797,
        "areaM2": 30.679,
        "diametroM": 6.25,
        "centroide": [
          340902.168,
          1122104.924
        ],
        "origen": "automatico",
        "eliminada": false
      }
    },
    {
      "type": "Feature",
      "id": "co-070",
      "geometry": {
        "type": "Polygon",
        "coordinates": [
          [
            [
              340930.695,
              1122105.509
            ],
            [
              340929.665,
              1122107.453
            ],
            [
              340928.59,
              1122108.013
            ],
            [
              340927.424,
              1122108.902
            ],
            [
              340926.133,
              1122108.915
            ],
            [
              340924.512,
              1122107.782
            ],
            [
              340923.365,
              1122106.668
            ],
            [
              340922.399,
              1122105.706
            ],
            [
              340923.422,
              1122104.192
            ],
            [
              340924.336,
              1122102.873
            ],
            [
              340926.097,
              1122102.434
            ],
            [
              340927.375,
              1122102.392
            ],
            [
              340929.128,
              1122102.28
            ],
            [
              340929.55,
              1122104.344
            ],
            [
              340930.695,
              1122105.509
            ]
          ]
        ]
      },
      "properties": {
        "id": "co-070",
        "confianza": 0.8727,
        "areaM2": 36.966,
        "diametroM": 6.861,
        "centroide": [
          340926.672,
          1122105.48
        ],
        "origen": "automatico",
        "eliminada": false
      }
    },
    {
      "type": "Feature",
      "id": "co-071",
      "geometry": {
        "type": "Polygon",
        "coordinates": [
          [
            [
              340951.861,
              1122106.527
            ],
            [
              340951.541,
              1122107.138
            ],
            [
              340951.244,
              1122108.048
            ],
            [
              340950.886,
              1122108.734
            ],
            [
              340949.609,
              1122108.678
            ],
            [
              340949.14,
              1122108.856
            ],
            [
              340948.129,
              1122108.268
            ],
            [
              340947.815,
              1122107.69
            ],
            [
              340948.016,
              1122106.64
            ],
            [
              340947.938,
              1122105.663
            ],
            [
              340948.104,
              1122105.008
            ],
            [
              340949.3,
              1122104.689
            ],
            [
              340949.672,
              1122104.436
            ],
            [
              340950.809,
              1122104.782
            ],
            [
              340951.455,
              1122105.239
            ],
            [
              340951.797,
              1122106.062
            ],
            [
              340951.861,
              1122106.527
            ]
          ]
        ]
      },
      "properties": {
        "id": "co-071",
        "confianza": 0.8684,
        "areaM2": 13.682,
        "diametroM": 4.174,
        "centroide": [
          340949.762,
          1122106.667
        ],
        "origen": "automatico",
        "eliminada": false
      }
    },
    {
      "type": "Feature",
      "id": "co-072",
      "geometry": {
        "type": "Polygon",
        "coordinates": [
          [
            [
              340863.913,
              1122107.658
            ],
            [
              340863.261,
              1122108.459
            ],
            [
              340862.02,
              1122110.366
            ],
            [
              340860.333,
              1122110.659
            ],
            [
              340858.418,
              1122109.646
            ],
            [
              340858.08,
              1122107.501
            ],
            [
              340858.213,
              1122105.947
            ],
            [
              340859.161,
              1122104.483
            ],
            [
              340859.761,
              1122103.958
            ],
            [
              340861.904,
              1122104.337
            ],
            [
              340862.86,
              1122105.34
            ],
            [
              340863.913,
              1122107.658
            ]
          ]
        ]
      },
      "properties": {
        "id": "co-072",
        "confianza": 0.9532,
        "areaM2": 28.282,
        "diametroM": 6.001,
        "centroide": [
          340860.74,
          1122107.331
        ],
        "origen": "automatico",
        "eliminada": false
      }
    },
    {
      "type": "Feature",
      "id": "co-073",
      "geometry": {
        "type": "Polygon",
        "coordinates": [
          [
            [
              340921.526,
              1122109.375
            ],
            [
              340921.341,
              1122110.386
            ],
            [
              340920.387,
              1122111.166
            ],
            [
              340919.322,
              1122112.715
            ],
            [
              340917.848,
              1122112.512
            ],
            [
              340916.892,
              1122110.981
            ],
            [
              340915.44,
              1122110.299
            ],
            [
              340916.18,
              1122108.706
            ],
            [
              340916.344,
              1122107.17
            ],
            [
              340917.23,
              1122106.38
            ],
            [
              340918.796,
              1122105.547
            ],
            [
              340920.561,
              1122107.04
            ],
            [
              340921.539,
              1122107.891
            ],
            [
              340921.526,
              1122109.375
            ]
          ]
        ]
      },
      "properties": {
        "id": "co-073",
        "confianza": 0.4538,
        "areaM2": 28.124,
        "diametroM": 5.984,
        "centroide": [
          340918.675,
          1122109.144
        ],
        "origen": "automatico",
        "eliminada": false
      }
    },
    {
      "type": "Feature",
      "id": "co-074",
      "geometry": {
        "type": "Polygon",
        "coordinates": [
          [
            [
              340884.848,
              1122109.261
            ],
            [
              340884.603,
              1122110.823
            ],
            [
              340883.727,
              1122111.639
            ],
            [
              340882.2,
              1122112.036
            ],
            [
              340881.242,
              1122112.269
            ],
            [
              340879.652,
              1122110.736
            ],
            [
              340879.298,
              1122110.168
            ],
            [
              340880.062,
              1122108.058
            ],
            [
              340880.74,
              1122107.277
            ],
            [
              340882.311,
              1122107.196
            ],
            [
              340883.978,
              1122107.312
            ],
            [
              340884.949,
              1122108.67
            ],
            [
              340884.848,
              1122109.261
            ]
          ]
        ]
      },
      "properties": {
        "id": "co-074",
        "confianza": 0.8597,
        "areaM2": 21.53,
        "diametroM": 5.236,
        "centroide": [
          340882.193,
          1122109.579
        ],
        "origen": "automatico",
        "eliminada": false
      }
    },
    {
      "type": "Feature",
      "id": "co-075",
      "geometry": {
        "type": "Polygon",
        "coordinates": [
          [
            [
              340947.975,
              1122110.812
            ],
            [
              340947.171,
              1122111.402
            ],
            [
              340946.376,
              1122113.28
            ],
            [
              340943.804,
              1122112.939
            ],
            [
              340941.57,
              1122112.39
            ],
            [
              340940.41,
              1122110.914
            ],
            [
              340941.139,
              1122108.914
            ],
            [
              340941.549,
              1122107.382
            ],
            [
              340943.615,
              1122106.682
            ],
            [
              340945.851,
              1122107.566
            ],
            [
              340946.856,
              1122108.982
            ],
            [
              340947.975,
              1122110.812
            ]
          ]
        ]
      },
      "properties": {
        "id": "co-075",
        "confianza": 0.8429,
        "areaM2": 33.852,
        "diametroM": 6.565,
        "centroide": [
          340944.056,
          1122110.113
        ],
        "origen": "automatico",
        "eliminada": false
      }
    },
    {
      "type": "Feature",
      "id": "co-076",
      "geometry": {
        "type": "Polygon",
        "coordinates": [
          [
            [
              340910.412,
              1122110.839
            ],
            [
              340910.781,
              1122111.857
            ],
            [
              340910.342,
              1122112.917
            ],
            [
              340909.096,
              1122113.51
            ],
            [
              340908.283,
              1122113.646
            ],
            [
              340906.998,
              1122113.46
            ],
            [
              340906.019,
              1122112.849
            ],
            [
              340905.787,
              1122111.696
            ],
            [
              340905.089,
              1122110.732
            ],
            [
              340905.422,
              1122110.083
            ],
            [
              340906.078,
              1122109.05
            ],
            [
              340906.78,
              1122108.438
            ],
            [
              340908.387,
              1122107.735
            ],
            [
              340909.116,
              1122107.932
            ],
            [
              340910.166,
              1122108.981
            ],
            [
              340910.46,
              1122110.08
            ],
            [
              340910.412,
              1122110.839
            ]
          ]
        ]
      },
      "properties": {
        "id": "co-076",
        "confianza": 0.9716,
        "areaM2": 23.957,
        "diametroM": 5.523,
        "centroide": [
          340908.09,
          1122110.835
        ],
        "origen": "automatico",
        "eliminada": false
      }
    },
    {
      "type": "Feature",
      "id": "co-077",
      "geometry": {
        "type": "Polygon",
        "coordinates": [
          [
            [
              340958.6,
              1122111.884
            ],
            [
              340958.497,
              1122113.399
            ],
            [
              340957.612,
              1122113.71
            ],
            [
              340956.371,
              1122115.209
            ],
            [
              340954.831,
              1122114.693
            ],
            [
              340953.343,
              1122115.336
            ],
            [
              340951.7,
              1122113.985
            ],
            [
              340950.93,
              1122113.022
            ],
            [
              340950.858,
              1122111.13
            ],
            [
              340951.129,
              1122109.801
            ],
            [
              340951.923,
              1122108.342
            ],
            [
              340953.532,
              1122107.465
            ],
            [
              340954.356,
              1122107.758
            ],
            [
              340955.904,
              1122108.299
            ],
            [
              340957.187,
              1122108.546
            ],
            [
              340958.448,
              1122109.311
            ],
            [
              340958.6,
              1122111.884
            ]
          ]
        ]
      },
      "properties": {
        "id": "co-077",
        "confianza": 0.9204,
        "areaM2": 46.831,
        "diametroM": 7.722,
        "centroide": [
          340954.683,
          1122111.432
        ],
        "origen": "automatico",
        "eliminada": false
      }
    },
    {
      "type": "Feature",
      "id": "co-078",
      "geometry": {
        "type": "Polygon",
        "coordinates": [
          [
            [
              340877.304,
              1122112.226
            ],
            [
              340876.854,
              1122113.288
            ],
            [
              340876.678,
              1122114.081
            ],
            [
              340875.245,
              1122114.271
            ],
            [
              340873.977,
              1122114.191
            ],
            [
              340872.529,
              1122113.472
            ],
            [
              340872.185,
              1122112.426
            ],
            [
              340872.277,
              1122111.393
            ],
            [
              340872.672,
              1122109.798
            ],
            [
              340873.931,
              1122109.535
            ],
            [
              340875.035,
              1122109.254
            ],
            [
              340875.94,
              1122109.624
            ],
            [
              340877.013,
              1122110.487
            ],
            [
              340877.304,
              1122112.226
            ]
          ]
        ]
      },
      "properties": {
        "id": "co-078",
        "confianza": 0.5659,
        "areaM2": 20.532,
        "diametroM": 5.113,
        "centroide": [
          340874.728,
          1122111.846
        ],
        "origen": "automatico",
        "eliminada": false
      }
    },
    {
      "type": "Feature",
      "id": "co-079",
      "geometry": {
        "type": "Polygon",
        "coordinates": [
          [
            [
              340856.155,
              1122112.514
            ],
            [
              340855.566,
              1122113.703
            ],
            [
              340855.203,
              1122115.16
            ],
            [
              340854.104,
              1122115.07
            ],
            [
              340853.081,
              1122116.096
            ],
            [
              340851.759,
              1122115.222
            ],
            [
              340850.109,
              1122114.584
            ],
            [
              340850.047,
              1122113.991
            ],
            [
              340849.274,
              1122112.892
            ],
            [
              340850.425,
              1122111.503
            ],
            [
              340850.279,
              1122110.307
            ],
            [
              340851.666,
              1122110.173
            ],
            [
              340852.906,
              1122109.703
            ],
            [
              340854.599,
              1122109.197
            ],
            [
              340855.61,
              1122109.969
            ],
            [
              340855.654,
              1122111.061
            ],
            [
              340856.155,
              1122112.514
            ]
          ]
        ]
      },
      "properties": {
        "id": "co-079",
        "confianza": 0.9679,
        "areaM2": 31.051,
        "diametroM": 6.288,
        "centroide": [
          340852.957,
          1122112.544
        ],
        "origen": "automatico",
        "eliminada": false
      }
    },
    {
      "type": "Feature",
      "id": "co-080",
      "geometry": {
        "type": "Polygon",
        "coordinates": [
          [
            [
              340896.119,
              1122112.644
            ],
            [
              340895.906,
              1122113.912
            ],
            [
              340895.334,
              1122115.233
            ],
            [
              340893.91,
              1122115.911
            ],
            [
              340892.149,
              1122115.335
            ],
            [
              340890.995,
              1122114.554
            ],
            [
              340890.521,
              1122113.83
            ],
            [
              340891.207,
              1122111.896
            ],
            [
              340891.468,
              1122111.365
            ],
            [
              340893.016,
              1122110.551
            ],
            [
              340894.116,
              1122109.993
            ],
            [
              340895.443,
              1122110.746
            ],
            [
              340896.238,
              1122111.595
            ],
            [
              340896.119,
              1122112.644
            ]
          ]
        ]
      },
      "properties": {
        "id": "co-080",
        "confianza": 0.9132,
        "areaM2": 23.503,
        "diametroM": 5.47,
        "centroide": [
          340893.549,
          1122113.021
        ],
        "origen": "automatico",
        "eliminada": false
      }
    },
    {
      "type": "Feature",
      "id": "co-081",
      "geometry": {
        "type": "Polygon",
        "coordinates": [
          [
            [
              340938.909,
              1122113.308
            ],
            [
              340939.59,
              1122114.14
            ],
            [
              340938.245,
              1122115.295
            ],
            [
              340937.145,
              1122116.365
            ],
            [
              340935.694,
              1122116.24
            ],
            [
              340934.561,
              1122115.851
            ],
            [
              340933.553,
              1122115.853
            ],
            [
              340932.763,
              1122114.119
            ],
            [
              340931.862,
              1122113.414
            ],
            [
              340932.136,
              1122111.924
            ],
            [
              340933.697,
              1122110.302
            ],
            [
              340935.131,
              1122110.063
            ],
            [
              340936.253,
              1122110.23
            ],
            [
              340936.981,
              1122109.237
            ],
            [
              340938.554,
              1122111.158
            ],
            [
              340938.544,
              1122111.669
            ],
            [
              340938.909,
              1122113.308
            ]
          ]
        ]
      },
      "properties": {
        "id": "co-081",
        "confianza": 0.3497,
        "areaM2": 35.542,
        "diametroM": 6.727,
        "centroide": [
          340935.707,
          1122113.053
        ],
        "origen": "automatico",
        "eliminada": false
      }
    },
    {
      "type": "Feature",
      "id": "co-082",
      "geometry": {
        "type": "Polygon",
        "coordinates": [
          [
            [
              340869.836,
              1122113.75
            ],
            [
              340869.393,
              1122114.871
            ],
            [
              340868.825,
              1122115.763
            ],
            [
              340866.907,
              1122116.135
            ],
            [
              340865.273,
              1122116.918
            ],
            [
              340864.02,
              1122115.744
            ],
            [
              340863.04,
              1122113.871
            ],
            [
              340862.776,
              1122112.519
            ],
            [
              340864.049,
              1122110.556
            ],
            [
              340865.655,
              1122109.743
            ],
            [
              340867.033,
              1122110.389
            ],
            [
              340868.149,
              1122111.007
            ],
            [
              340870.349,
              1122112.03
            ],
            [
              340869.836,
              1122113.75
            ]
          ]
        ]
      },
      "properties": {
        "id": "co-082",
        "confianza": 0.3624,
        "areaM2": 35.566,
        "diametroM": 6.729,
        "centroide": [
          340866.356,
          1122113.275
        ],
        "origen": "automatico",
        "eliminada": false
      }
    },
    {
      "type": "Feature",
      "id": "co-083",
      "geometry": {
        "type": "Polygon",
        "coordinates": [
          [
            [
              340891.616,
              1122113.598
            ],
            [
              340890.732,
              1122115.38
            ],
            [
              340889.143,
              1122116.418
            ],
            [
              340888.008,
              1122116.509
            ],
            [
              340886.481,
              1122116.07
            ],
            [
              340885.289,
              1122115.137
            ],
            [
              340884.474,
              1122112.926
            ],
            [
              340885.127,
              1122111.148
            ],
            [
              340886.426,
              1122110.488
            ],
            [
              340887.344,
              1122109.818
            ],
            [
              340889.589,
              1122110.702
            ],
            [
              340890.046,
              1122111.694
            ],
            [
              340891.616,
              1122113.598
            ]
          ]
        ]
      },
      "properties": {
        "id": "co-083",
        "confianza": 0.95,
        "areaM2": 32.428,
        "diametroM": 6.426,
        "centroide": [
          340887.892,
          1122113.332
        ],
        "origen": "automatico",
        "eliminada": false
      }
    },
    {
      "type": "Feature",
      "id": "co-084",
      "geometry": {
        "type": "Polygon",
        "coordinates": [
          [
            [
              340905.574,
              1122113.626
            ],
            [
              340905.833,
              1122115.251
            ],
            [
              340904.611,
              1122116.275
            ],
            [
              340903.521,
              1122117.55
            ],
            [
              340902.178,
              1122117.251
            ],
            [
              340900.564,
              1122117.27
            ],
            [
              340900.146,
              1122116.362
            ],
            [
              340899.905,
              1122114.968
            ],
            [
              340899.31,
              1122113.025
            ],
            [
              340899.95,
              1122111.423
            ],
            [
              340901.008,
              1122110.376
            ],
            [
              340902.055,
              1122110.997
            ],
            [
              340903.93,
              1122111.312
            ],
            [
              340905.183,
              1122111.252
            ],
            [
              340905.628,
              1122112.815
            ],
            [
              340905.574,
              1122113.626
            ]
          ]
        ]
      },
      "properties": {
        "id": "co-084",
        "confianza": 0.886,
        "areaM2": 34.081,
        "diametroM": 6.587,
        "centroide": [
          340902.537,
          1122113.999
        ],
        "origen": "automatico",
        "eliminada": false
      }
    },
    {
      "type": "Feature",
      "id": "co-085",
      "geometry": {
        "type": "Polygon",
        "coordinates": [
          [
            [
              340863.655,
              1122115.599
            ],
            [
              340863.683,
              1122116.941
            ],
            [
              340862.407,
              1122117.597
            ],
            [
              340861.995,
              1122118.926
            ],
            [
              340860.674,
              1122119.149
            ],
            [
              340858.84,
              1122118.489
            ],
            [
              340858.436,
              1122117.442
            ],
            [
              340857.457,
              1122116.594
            ],
            [
              340856.928,
              1122115.432
            ],
            [
              340857.255,
              1122113.89
            ],
            [
              340857.964,
              1122113.323
            ],
            [
              340859.152,
              1122112.799
            ],
            [
              340860.576,
              1122112.015
            ],
            [
              340861.456,
              1122112.143
            ],
            [
              340862.408,
              1122113.655
            ],
            [
              340863.662,
              1122114.267
            ],
            [
              340863.655,
              1122115.599
            ]
          ]
        ]
      },
      "properties": {
        "id": "co-085",
        "confianza": 0.9666,
        "areaM2": 33.218,
        "diametroM": 6.503,
        "centroide": [
          340860.421,
          1122115.582
        ],
        "origen": "automatico",
        "eliminada": false
      }
    },
    {
      "type": "Feature",
      "id": "co-086",
      "geometry": {
        "type": "Polygon",
        "coordinates": [
          [
            [
              340919.985,
              1122116.186
            ],
            [
              340919.906,
              1122117.032
            ],
            [
              340919.673,
              1122118.51
            ],
            [
              340918.942,
              1122118.479
            ],
            [
              340917.984,
              1122118.615
            ],
            [
              340916.938,
              1122118.762
            ],
            [
              340915.961,
              1122118.001
            ],
            [
              340915.347,
              1122117.319
            ],
            [
              340915.585,
              1122115.689
            ],
            [
              340916.127,
              1122114.682
            ],
            [
              340916.945,
              1122114.657
            ],
            [
              340917.712,
              1122114.422
            ],
            [
              340918.527,
              1122113.946
            ],
            [
              340919.728,
              1122114.282
            ],
            [
              340920.517,
              1122115.671
            ],
            [
              340919.985,
              1122116.186
            ]
          ]
        ]
      },
      "properties": {
        "id": "co-086",
        "confianza": 0.8263,
        "areaM2": 17.927,
        "diametroM": 4.778,
        "centroide": [
          340917.9,
          1122116.416
        ],
        "origen": "automatico",
        "eliminada": false
      }
    },
    {
      "type": "Feature",
      "id": "co-087",
      "geometry": {
        "type": "Polygon",
        "coordinates": [
          [
            [
              340954.616,
              1122116.417
            ],
            [
              340954.56,
              1122117.451
            ],
            [
              340953.852,
              1122118.106
            ],
            [
              340953.21,
              1122119.271
            ],
            [
              340951.93,
              1122119.181
            ],
            [
              340951.264,
              1122118.626
            ],
            [
              340949.64,
              1122118.143
            ],
            [
              340949.383,
              1122117.25
            ],
            [
              340949.862,
              1122115.95
            ],
            [
              340949.841,
              1122115.303
            ],
            [
              340950.878,
              1122114.838
            ],
            [
              340952.125,
              1122114.058
            ],
            [
              340953.14,
              1122114.757
            ],
            [
              340954.212,
              1122114.428
            ],
            [
              340954.862,
              1122115.522
            ],
            [
              340954.616,
              1122116.417
            ]
          ]
        ]
      },
      "properties": {
        "id": "co-087",
        "confianza": 0.9236,
        "areaM2": 19.797,
        "diametroM": 5.021,
        "centroide": [
          340952.182,
          1122116.664
        ],
        "origen": "automatico",
        "eliminada": false
      }
    },
    {
      "type": "Feature",
      "id": "co-088",
      "geometry": {
        "type": "Polygon",
        "coordinates": [
          [
            [
              340878.517,
              1122117.154
            ],
            [
              340879,
              1122118.427
            ],
            [
              340877.207,
              1122119.206
            ],
            [
              340876.806,
              1122119.43
            ],
            [
              340874.737,
              1122119.945
            ],
            [
              340873.733,
              1122119.633
            ],
            [
              340873.492,
              1122118.314
            ],
            [
              340873.231,
              1122116.704
            ],
            [
              340873.079,
              1122115.932
            ],
            [
              340874.034,
              1122114.666
            ],
            [
              340875.225,
              1122114.516
            ],
            [
              340876.869,
              1122113.857
            ],
            [
              340877.315,
              1122114.781
            ],
            [
              340878.653,
              1122115.723
            ],
            [
              340878.517,
              1122117.154
            ]
          ]
        ]
      },
      "properties": {
        "id": "co-088",
        "confianza": 0.7693,
        "areaM2": 25.247,
        "diametroM": 5.67,
        "centroide": [
          340875.886,
          1122117.031
        ],
        "origen": "automatico",
        "eliminada": false
      }
    },
    {
      "type": "Feature",
      "id": "co-089",
      "geometry": {
        "type": "Polygon",
        "coordinates": [
          [
            [
              340959.564,
              1122117.5
            ],
            [
              340959.655,
              1122118.583
            ],
            [
              340959.234,
              1122119.119
            ],
            [
              340958.17,
              1122119.935
            ],
            [
              340957.301,
              1122119.494
            ],
            [
              340956.502,
              1122119.864
            ],
            [
              340955.675,
              1122118.634
            ],
            [
              340955.102,
              1122118.253
            ],
            [
              340954.723,
              1122117.202
            ],
            [
              340955.138,
              1122116.76
            ],
            [
              340955.889,
              1122115.722
            ],
            [
              340956.532,
              1122114.783
            ],
            [
              340956.98,
              1122114.903
            ],
            [
              340958.274,
              1122114.734
            ],
            [
              340958.559,
              1122115.875
            ],
            [
              340959.26,
              1122116.708
            ],
            [
              340959.564,
              1122117.5
            ]
          ]
        ]
      },
      "properties": {
        "id": "co-089",
        "confianza": 0.5378,
        "areaM2": 17.274,
        "diametroM": 4.69,
        "centroide": [
          340957.322,
          1122117.407
        ],
        "origen": "automatico",
        "eliminada": false
      }
    },
    {
      "type": "Feature",
      "id": "co-090",
      "geometry": {
        "type": "Polygon",
        "coordinates": [
          [
            [
              340885.821,
              1122118.077
            ],
            [
              340884.485,
              1122119.219
            ],
            [
              340883.849,
              1122120.15
            ],
            [
              340882.997,
              1122120.142
            ],
            [
              340881.74,
              1122119.763
            ],
            [
              340880.116,
              1122118.902
            ],
            [
              340879.886,
              1122117.405
            ],
            [
              340879.854,
              1122116.823
            ],
            [
              340881.192,
              1122115.233
            ],
            [
              340883.162,
              1122115.722
            ],
            [
              340884.1,
              1122115.949
            ],
            [
              340885.298,
              1122116.511
            ],
            [
              340885.821,
              1122118.077
            ]
          ]
        ]
      },
      "properties": {
        "id": "co-090",
        "confianza": 0.9567,
        "areaM2": 20.519,
        "diametroM": 5.111,
        "centroide": [
          340882.661,
          1122117.701
        ],
        "origen": "automatico",
        "eliminada": false
      }
    },
    {
      "type": "Feature",
      "id": "co-091",
      "geometry": {
        "type": "Polygon",
        "coordinates": [
          [
            [
              340893.413,
              1122118.497
            ],
            [
              340893.445,
              1122119.468
            ],
            [
              340892.427,
              1122120.504
            ],
            [
              340891.545,
              1122120.951
            ],
            [
              340890.71,
              1122120.399
            ],
            [
              340889.972,
              1122119.656
            ],
            [
              340889.368,
              1122118.352
            ],
            [
              340889.534,
              1122117.03
            ],
            [
              340890.198,
              1122116.552
            ],
            [
              340891.009,
              1122116.089
            ],
            [
              340892.512,
              1122116.763
            ],
            [
              340893.247,
              1122117.233
            ],
            [
              340893.413,
              1122118.497
            ]
          ]
        ]
      },
      "properties": {
        "id": "co-091",
        "confianza": 0.9428,
        "areaM2": 14.073,
        "diametroM": 4.233,
        "centroide": [
          340891.447,
          1122118.445
        ],
        "origen": "automatico",
        "eliminada": false
      }
    },
    {
      "type": "Feature",
      "id": "co-092",
      "geometry": {
        "type": "Polygon",
        "coordinates": [
          [
            [
              340926.866,
              1122118.815
            ],
            [
              340927.141,
              1122119.833
            ],
            [
              340926.001,
              1122121.684
            ],
            [
              340925.538,
              1122121.911
            ],
            [
              340923.45,
              1122121.94
            ],
            [
              340922.636,
              1122121.476
            ],
            [
              340922.083,
              1122120.189
            ],
            [
              340921.007,
              1122118.849
            ],
            [
              340921.546,
              1122117.936
            ],
            [
              340922.971,
              1122116.495
            ],
            [
              340923.843,
              1122115.57
            ],
            [
              340925.258,
              1122115.975
            ],
            [
              340926.152,
              1122116.163
            ],
            [
              340926.892,
              1122117.311
            ],
            [
              340926.866,
              1122118.815
            ]
          ]
        ]
      },
      "properties": {
        "id": "co-092",
        "confianza": 0.8851,
        "areaM2": 27.391,
        "diametroM": 5.906,
        "centroide": [
          340924.347,
          1122118.902
        ],
        "origen": "automatico",
        "eliminada": false
      }
    },
    {
      "type": "Feature",
      "id": "co-093",
      "geometry": {
        "type": "Polygon",
        "coordinates": [
          [
            [
              340868.456,
              1122119.648
            ],
            [
              340867.383,
              1122121.729
            ],
            [
              340866.794,
              1122122.321
            ],
            [
              340865.155,
              1122122.706
            ],
            [
              340862.638,
              1122122.306
            ],
            [
              340861.533,
              1122120.871
            ],
            [
              340862.214,
              1122119.482
            ],
            [
              340863.122,
              1122117.454
            ],
            [
              340864.915,
              1122116.581
            ],
            [
              340866.08,
              1122117.215
            ],
            [
              340868.45,
              1122118.582
            ],
            [
              340868.456,
              1122119.648
            ]
          ]
        ]
      },
      "properties": {
        "id": "co-093",
        "confianza": 0.9782,
        "areaM2": 29.332,
        "diametroM": 6.111,
        "centroide": [
          340865.046,
          1122119.86
        ],
        "origen": "automatico",
        "eliminada": false
      }
    },
    {
      "type": "Feature",
      "id": "co-094",
      "geometry": {
        "type": "Polygon",
        "coordinates": [
          [
            [
              340909.521,
              1122120.237
            ],
            [
              340908.79,
              1122121.011
            ],
            [
              340908.199,
              1122122.464
            ],
            [
              340907.196,
              1122123.014
            ],
            [
              340905.599,
              1122122.61
            ],
            [
              340905.163,
              1122121.469
            ],
            [
              340904.118,
              1122120.975
            ],
            [
              340904.263,
              1122119.804
            ],
            [
              340904.949,
              1122118.704
            ],
            [
              340905.919,
              1122117.825
            ],
            [
              340907.419,
              1122117.442
            ],
            [
              340908.419,
              1122118.079
            ],
            [
              340909.076,
              1122119.203
            ],
            [
              340909.521,
              1122120.237
            ]
          ]
        ]
      },
      "properties": {
        "id": "co-094",
        "confianza": 0.9428,
        "areaM2": 19.833,
        "diametroM": 5.025,
        "centroide": [
          340906.819,
          1122120.19
        ],
        "origen": "automatico",
        "eliminada": false
      }
    },
    {
      "type": "Feature",
      "id": "co-095",
      "geometry": {
        "type": "Polygon",
        "coordinates": [
          [
            [
              340956.539,
              1122120.791
            ],
            [
              340955.934,
              1122122.276
            ],
            [
              340955.386,
              1122122.771
            ],
            [
              340954.421,
              1122123.032
            ],
            [
              340953.576,
              1122123.267
            ],
            [
              340952.486,
              1122123.091
            ],
            [
              340951.686,
              1122121.939
            ],
            [
              340951.441,
              1122121.3
            ],
            [
              340951.538,
              1122120.01
            ],
            [
              340952.564,
              1122118.859
            ],
            [
              340953.436,
              1122118.306
            ],
            [
              340954.553,
              1122118.869
            ],
            [
              340955.257,
              1122119.134
            ],
            [
              340956.005,
              1122119.968
            ],
            [
              340956.539,
              1122120.791
            ]
          ]
        ]
      },
      "properties": {
        "id": "co-095",
        "confianza": 0.4127,
        "areaM2": 17.812,
        "diametroM": 4.762,
        "centroide": [
          340953.844,
          1122120.922
        ],
        "origen": "automatico",
        "eliminada": false
      }
    },
    {
      "type": "Feature",
      "id": "co-096",
      "geometry": {
        "type": "Polygon",
        "coordinates": [
          [
            [
              340856.646,
              1122121.311
            ],
            [
              340855.845,
              1122123.068
            ],
            [
              340855.481,
              1122124.658
            ],
            [
              340853.316,
              1122124.74
            ],
            [
              340851.856,
              1122124.102
            ],
            [
              340851.372,
              1122122.723
            ],
            [
              340850.919,
              1122121.102
            ],
            [
              340851.804,
              1122118.752
            ],
            [
              340853.595,
              1122118.887
            ],
            [
              340855.322,
              1122119.08
            ],
            [
              340856.661,
              1122119.967
            ],
            [
              340856.646,
              1122121.311
            ]
          ]
        ]
      },
      "properties": {
        "id": "co-096",
        "confianza": 0.9243,
        "areaM2": 26.888,
        "diametroM": 5.851,
        "centroide": [
          340853.774,
          1122121.643
        ],
        "origen": "automatico",
        "eliminada": false
      }
    },
    {
      "type": "Feature",
      "id": "co-097",
      "geometry": {
        "type": "Polygon",
        "coordinates": [
          [
            [
              340904.065,
              1122121.546
            ],
            [
              340903.247,
              1122123.201
            ],
            [
              340902.993,
              1122123.756
            ],
            [
              340902.195,
              1122124.059
            ],
            [
              340900.813,
              1122124.788
            ],
            [
              340899.881,
              1122124.187
            ],
            [
              340899.403,
              1122123.337
            ],
            [
              340899.007,
              1122122.151
            ],
            [
              340898.354,
              1122121.26
            ],
            [
              340899.343,
              1122120.844
            ],
            [
              340899.798,
              1122119.486
            ],
            [
              340900.597,
              1122118.979
            ],
            [
              340902.471,
              1122119.288
            ],
            [
              340903.479,
              1122119.935
            ],
            [
              340903.819,
              1122120.518
            ],
            [
              340904.065,
              1122121.546
            ]
          ]
        ]
      },
      "properties": {
        "id": "co-097",
        "confianza": 0.8918,
        "areaM2": 21.42,
        "diametroM": 5.222,
        "centroide": [
          340901.361,
          1122121.73
        ],
        "origen": "automatico",
        "eliminada": false
      }
    },
    {
      "type": "Feature",
      "id": "co-098",
      "geometry": {
        "type": "Polygon",
        "coordinates": [
          [
            [
              340945.541,
              1122123.179
            ],
            [
              340945.229,
              1122123.977
            ],
            [
              340942.259,
              1122125.783
            ],
            [
              340940.586,
              1122126.527
            ],
            [
              340938.446,
              1122125.347
            ],
            [
              340937.578,
              1122123.268
            ],
            [
              340937.608,
              1122121.63
            ],
            [
              340939.325,
              1122118.887
            ],
            [
              340941.528,
              1122118.722
            ],
            [
              340943.268,
              1122118.864
            ],
            [
              340943.928,
              1122120.321
            ],
            [
              340945.541,
              1122123.179
            ]
          ]
        ]
      },
      "properties": {
        "id": "co-098",
        "confianza": 0.9594,
        "areaM2": 44.014,
        "diametroM": 7.486,
        "centroide": [
          340941.251,
          1122122.474
        ],
        "origen": "automatico",
        "eliminada": false
      }
    },
    {
      "type": "Feature",
      "id": "co-099",
      "geometry": {
        "type": "Polygon",
        "coordinates": [
          [
            [
              340888.187,
              1122125.156
            ],
            [
              340887.427,
              1122127.2
            ],
            [
              340886.119,
              1122128.189
            ],
            [
              340884.966,
              1122128.852
            ],
            [
              340882.604,
              1122128.179
            ],
            [
              340882.208,
              1122126.304
            ],
            [
              340881.869,
              1122124.133
            ],
            [
              340882.185,
              1122122.96
            ],
            [
              340883.81,
              1122121.227
            ],
            [
              340885.93,
              1122121.631
            ],
            [
              340887.51,
              1122123.894
            ],
            [
              340888.187,
              1122125.156
            ]
          ]
        ]
      },
      "properties": {
        "id": "co-099",
        "confianza": 0.9786,
        "areaM2": 34.354,
        "diametroM": 6.614,
        "centroide": [
          340884.805,
          1122125.088
        ],
        "origen": "automatico",
        "eliminada": false
      }
    },
    {
      "type": "Feature",
      "id": "co-100",
      "geometry": {
        "type": "Polygon",
        "coordinates": [
          [
            [
              340959.001,
              1122125.61
            ],
            [
              340959.352,
              1122127.068
            ],
            [
              340957.72,
              1122127.756
            ],
            [
              340956.549,
              1122128.86
            ],
            [
              340955.832,
              1122128.176
            ],
            [
              340954.621,
              1122127.055
            ],
            [
              340953.635,
              1122126.677
            ],
            [
              340953.705,
              1122125.104
            ],
            [
              340953.918,
              1122123.846
            ],
            [
              340955.708,
              1122123.443
            ],
            [
              340957.163,
              1122122.583
            ],
            [
              340958.25,
              1122123.681
            ],
            [
              340958.633,
              1122124.695
            ],
            [
              340959.001,
              1122125.61
            ]
          ]
        ]
      },
      "properties": {
        "id": "co-100",
        "confianza": 0.8357,
        "areaM2": 22.522,
        "diametroM": 5.355,
        "centroide": [
          340956.438,
          1122125.645
        ],
        "origen": "automatico",
        "eliminada": false
      }
    },
    {
      "type": "Feature",
      "id": "co-101",
      "geometry": {
        "type": "Polygon",
        "coordinates": [
          [
            [
              340921.392,
              1122126.204
            ],
            [
              340920.652,
              1122126.987
            ],
            [
              340919.705,
              1122127.668
            ],
            [
              340918.809,
              1122128.364
            ],
            [
              340917.2,
              1122128.041
            ],
            [
              340915.968,
              1122127.574
            ],
            [
              340915.259,
              1122126.122
            ],
            [
              340915.247,
              1122125.107
            ],
            [
              340916.412,
              1122124.03
            ],
            [
              340917.18,
              1122122.8
            ],
            [
              340918.125,
              1122122.556
            ],
            [
              340919.592,
              1122123.755
            ],
            [
              340920.513,
              1122124.501
            ],
            [
              340921.392,
              1122126.204
            ]
          ]
        ]
      },
      "properties": {
        "id": "co-101",
        "confianza": 0.9863,
        "areaM2": 23.13,
        "diametroM": 5.427,
        "centroide": [
          340918.145,
          1122125.657
        ],
        "origen": "automatico",
        "eliminada": false
      }
    },
    {
      "type": "Feature",
      "id": "co-102",
      "geometry": {
        "type": "Polygon",
        "coordinates": [
          [
            [
              340861.708,
              1122126.636
            ],
            [
              340862.146,
              1122127.501
            ],
            [
              340860.12,
              1122129.817
            ],
            [
              340859.386,
              1122130.101
            ],
            [
              340856.479,
              1122129.872
            ],
            [
              340855.683,
              1122128.125
            ],
            [
              340854.492,
              1122126.458
            ],
            [
              340854.833,
              1122125.466
            ],
            [
              340855.34,
              1122124.052
            ],
            [
              340857.172,
              1122122.723
            ],
            [
              340859.289,
              1122122.426
            ],
            [
              340860.179,
              1122122.623
            ],
            [
              340862.004,
              1122124.193
            ],
            [
              340861.708,
              1122126.636
            ]
          ]
        ]
      },
      "properties": {
        "id": "co-102",
        "confianza": 0.8552,
        "areaM2": 43.669,
        "diametroM": 7.457,
        "centroide": [
          340858.475,
          1122126.233
        ],
        "origen": "automatico",
        "eliminada": false
      }
    },
    {
      "type": "Feature",
      "id": "co-103",
      "geometry": {
        "type": "Polygon",
        "coordinates": [
          [
            [
              340849.757,
              1122126.863
            ],
            [
              340849.094,
              1122128.569
            ],
            [
              340847.359,
              1122130.338
            ],
            [
              340844.437,
              1122130.395
            ],
            [
              340843.993,
              1122129.03
            ],
            [
              340842.359,
              1122127.503
            ],
            [
              340842.849,
              1122125.364
            ],
            [
              340843.784,
              1122123.207
            ],
            [
              340844.805,
              1122123.193
            ],
            [
              340847.364,
              1122123.272
            ],
            [
              340848.993,
              1122124.191
            ],
            [
              340849.757,
              1122126.863
            ]
          ]
        ]
      },
      "properties": {
        "id": "co-103",
        "confianza": 0.7573,
        "areaM2": 40.628,
        "diametroM": 7.192,
        "centroide": [
          340846.088,
          1122126.662
        ],
        "origen": "automatico",
        "eliminada": false
      }
    },
    {
      "type": "Feature",
      "id": "co-104",
      "geometry": {
        "type": "Polygon",
        "coordinates": [
          [
            [
              340936.409,
              1122127.012
            ],
            [
              340936.465,
              1122127.49
            ],
            [
              340935.358,
              1122129.339
            ],
            [
              340934.25,
              1122129.207
            ],
            [
              340933.492,
              1122129.029
            ],
            [
              340932.173,
              1122129.093
            ],
            [
              340931.271,
              1122128.038
            ],
            [
              340930.915,
              1122127.298
            ],
            [
              340931.06,
              1122125.989
            ],
            [
              340931.428,
              1122125.035
            ],
            [
              340932.338,
              1122124.442
            ],
            [
              340933.529,
              1122123.966
            ],
            [
              340934.085,
              1122124.185
            ],
            [
              340935.141,
              1122124.957
            ],
            [
              340935.692,
              1122125.915
            ],
            [
              340936.409,
              1122127.012
            ]
          ]
        ]
      },
      "properties": {
        "id": "co-104",
        "confianza": 0.9298,
        "areaM2": 21.469,
        "diametroM": 5.228,
        "centroide": [
          340933.593,
          1122126.817
        ],
        "origen": "automatico",
        "eliminada": false
      }
    },
    {
      "type": "Feature",
      "id": "co-105",
      "geometry": {
        "type": "Polygon",
        "coordinates": [
          [
            [
              340870.675,
              1122127.846
            ],
            [
              340870.68,
              1122128.917
            ],
            [
              340869.891,
              1122129.913
            ],
            [
              340868.781,
              1122129.793
            ],
            [
              340867.791,
              1122129.177
            ],
            [
              340867.207,
              1122128.887
            ],
            [
              340866.586,
              1122127.164
            ],
            [
              340867.251,
              1122126.839
            ],
            [
              340867.737,
              1122125.43
            ],
            [
              340868.451,
              1122125.125
            ],
            [
              340870.033,
              1122125.321
            ],
            [
              340870.588,
              1122126.816
            ],
            [
              340870.675,
              1122127.846
            ]
          ]
        ]
      },
      "properties": {
        "id": "co-105",
        "confianza": 0.3127,
        "areaM2": 14.298,
        "diametroM": 4.267,
        "centroide": [
          340868.877,
          1122127.52
        ],
        "origen": "automatico",
        "eliminada": false
      }
    },
    {
      "type": "Feature",
      "id": "co-106",
      "geometry": {
        "type": "Polygon",
        "coordinates": [
          [
            [
              340947.973,
              1122127.852
            ],
            [
              340948.457,
              1122129.309
            ],
            [
              340946.96,
              1122130.71
            ],
            [
              340944.854,
              1122131.114
            ],
            [
              340944.236,
              1122130.757
            ],
            [
              340942.829,
              1122129.034
            ],
            [
              340942.261,
              1122128.45
            ],
            [
              340942.738,
              1122126.538
            ],
            [
              340944.023,
              1122125.68
            ],
            [
              340945.756,
              1122125.507
            ],
            [
              340947.355,
              1122125.682
            ],
            [
              340947.74,
              1122126.145
            ],
            [
              340947.973,
              1122127.852
            ]
          ]
        ]
      },
      "properties": {
        "id": "co-106",
        "confianza": 0.4619,
        "areaM2": 25.487,
        "diametroM": 5.697,
        "centroide": [
          340945.422,
          1122128.172
        ],
        "origen": "automatico",
        "eliminada": false
      }
    },
    {
      "type": "Feature",
      "id": "co-107",
      "geometry": {
        "type": "Polygon",
        "coordinates": [
          [
            [
              340879.958,
              1122128.726
            ],
            [
              340879.715,
              1122129.5
            ],
            [
              340878.716,
              1122130.195
            ],
            [
              340878.278,
              1122130.677
            ],
            [
              340877.873,
              1122131.1
            ],
            [
              340876.686,
              1122130.446
            ],
            [
              340876.112,
              1122130.39
            ],
            [
              340875.801,
              1122129.699
            ],
            [
              340875.407,
              1122128.974
            ],
            [
              340875.902,
              1122128.068
            ],
            [
              340875.913,
              1122127.213
            ],
            [
              340876.741,
              1122127.127
            ],
            [
              340877.581,
              1122126.952
            ],
            [
              340878.395,
              1122127.153
            ],
            [
              340878.789,
              1122127.207
            ],
            [
              340879.805,
              1122127.989
            ],
            [
              340879.958,
              1122128.726
            ]
          ]
        ]
      },
      "properties": {
        "id": "co-107",
        "confianza": 0.7761,
        "areaM2": 12.883,
        "diametroM": 4.05,
        "centroide": [
          340877.655,
          1122128.837
        ],
        "origen": "automatico",
        "eliminada": false
      }
    },
    {
      "type": "Feature",
      "id": "co-108",
      "geometry": {
        "type": "Polygon",
        "coordinates": [
          [
            [
              340921.227,
              1122130.45
            ],
            [
              340920.933,
              1122131.458
            ],
            [
              340919.694,
              1122131.843
            ],
            [
              340918.841,
              1122132.076
            ],
            [
              340918.35,
              1122132.572
            ],
            [
              340917.306,
              1122131.27
            ],
            [
              340916.93,
              1122131.04
            ],
            [
              340916.756,
              1122129.774
            ],
            [
              340917.028,
              1122128.917
            ],
            [
              340917.841,
              1122127.988
            ],
            [
              340919.275,
              1122128.387
            ],
            [
              340919.912,
              1122128.323
            ],
            [
              340920.625,
              1122129.413
            ],
            [
              340921.227,
              1122130.45
            ]
          ]
        ]
      },
      "properties": {
        "id": "co-108",
        "confianza": 0.8381,
        "areaM2": 13.58,
        "diametroM": 4.158,
        "centroide": [
          340918.862,
          1122130.167
        ],
        "origen": "automatico",
        "eliminada": false
      }
    },
    {
      "type": "Feature",
      "id": "co-109",
      "geometry": {
        "type": "Polygon",
        "coordinates": [
          [
            [
              340873.076,
              1122130.61
            ],
            [
              340872.989,
              1122131.431
            ],
            [
              340872.735,
              1122132.14
            ],
            [
              340871.711,
              1122132.759
            ],
            [
              340871.105,
              1122132.569
            ],
            [
              340870.205,
              1122132.881
            ],
            [
              340869.397,
              1122132.287
            ],
            [
              340869.362,
              1122131.43
            ],
            [
              340868.966,
              1122130.105
            ],
            [
              340869.357,
              1122129.49
            ],
            [
              340869.742,
              1122128.93
            ],
            [
              340871.007,
              1122128.616
            ],
            [
              340871.984,
              1122128.591
            ],
            [
              340872.432,
              1122129.52
            ],
            [
              340873.26,
              1122129.858
            ],
            [
              340873.076,
              1122130.61
            ]
          ]
        ]
      },
      "properties": {
        "id": "co-109",
        "confianza": 0.9425,
        "areaM2": 13.598,
        "diametroM": 4.161,
        "centroide": [
          340871.069,
          1122130.71
        ],
        "origen": "automatico",
        "eliminada": false
      }
    },
    {
      "type": "Feature",
      "id": "co-110",
      "geometry": {
        "type": "Polygon",
        "coordinates": [
          [
            [
              340928.796,
              1122131.375
            ],
            [
              340928.077,
              1122132.216
            ],
            [
              340926.82,
              1122133.688
            ],
            [
              340926.103,
              1122133.977
            ],
            [
              340925.008,
              1122134.55
            ],
            [
              340923.015,
              1122134.623
            ],
            [
              340921.653,
              1122134.214
            ],
            [
              340921.262,
              1122132.36
            ],
            [
              340920.48,
              1122130.683
            ],
            [
              340921.559,
              1122130.279
            ],
            [
              340921.288,
              1122128.636
            ],
            [
              340923.418,
              1122128.238
            ],
            [
              340924.425,
              1122127.306
            ],
            [
              340925.912,
              1122127.516
            ],
            [
              340926.946,
              1122128.75
            ],
            [
              340928.09,
              1122130.303
            ],
            [
              340928.796,
              1122131.375
            ]
          ]
        ]
      },
      "properties": {
        "id": "co-110",
        "confianza": 0.4055,
        "areaM2": 40.688,
        "diametroM": 7.198,
        "centroide": [
          340924.495,
          1122131.151
        ],
        "origen": "automatico",
        "eliminada": false
      }
    },
    {
      "type": "Feature",
      "id": "co-111",
      "geometry": {
        "type": "Polygon",
        "coordinates": [
          [
            [
              340868.665,
              1122132.151
            ],
            [
              340868.707,
              1122134.043
            ],
            [
              340867.764,
              1122134.529
            ],
            [
              340866.15,
              1122134.703
            ],
            [
              340864.702,
              1122134.723
            ],
            [
              340862.932,
              1122134.082
            ],
            [
              340862.62,
              1122132.387
            ],
            [
              340863.114,
              1122131.452
            ],
            [
              340862.947,
              1122130.094
            ],
            [
              340864.665,
              1122129.133
            ],
            [
              340866.162,
              1122129.303
            ],
            [
              340866.881,
              1122129.649
            ],
            [
              340868.964,
              1122130.633
            ],
            [
              340868.665,
              1122132.151
            ]
          ]
        ]
      },
      "properties": {
        "id": "co-111",
        "confianza": 0.9783,
        "areaM2": 28.503,
        "diametroM": 6.024,
        "centroide": [
          340865.748,
          1122132.077
        ],
        "origen": "automatico",
        "eliminada": false
      }
    },
    {
      "type": "Feature",
      "id": "co-112",
      "geometry": {
        "type": "Polygon",
        "coordinates": [
          [
            [
              340939.17,
              1122132.38
            ],
            [
              340939.256,
              1122133.251
            ],
            [
              340938.18,
              1122134.457
            ],
            [
              340937.314,
              1122134.756
            ],
            [
              340936.76,
              1122134.592
            ],
            [
              340935.978,
              1122134.01
            ],
            [
              340935.172,
              1122133.215
            ],
            [
              340935.12,
              1122132.767
            ],
            [
              340934.787,
              1122131.728
            ],
            [
              340935.677,
              1122131.298
            ],
            [
              340936.403,
              1122130.825
            ],
            [
              340937.611,
              1122130.454
            ],
            [
              340938.427,
              1122131.052
            ],
            [
              340938.567,
              1122131.648
            ],
            [
              340939.17,
              1122132.38
            ]
          ]
        ]
      },
      "properties": {
        "id": "co-112",
        "confianza": 0.9463,
        "areaM2": 12.755,
        "diametroM": 4.03,
        "centroide": [
          340937.118,
          1122132.608
        ],
        "origen": "automatico",
        "eliminada": false
      }
    },
    {
      "type": "Feature",
      "id": "co-113",
      "geometry": {
        "type": "Polygon",
        "coordinates": [
          [
            [
              340853.959,
              1122132.997
            ],
            [
              340854.1,
              1122133.892
            ],
            [
              340852.979,
              1122134.974
            ],
            [
              340851.692,
              1122136.032
            ],
            [
              340850.191,
              1122136.56
            ],
            [
              340848.677,
              1122136.676
            ],
            [
              340847.976,
              1122135.372
            ],
            [
              340846.86,
              1122134.31
            ],
            [
              340846.374,
              1122132.801
            ],
            [
              340846.39,
              1122131.363
            ],
            [
              340848.023,
              1122130.218
            ],
            [
              340849.041,
              1122129.504
            ],
            [
              340850.157,
              1122129.572
            ],
            [
              340851.996,
              1122129.35
            ],
            [
              340852.631,
              1122129.418
            ],
            [
              340853.403,
              1122131.594
            ],
            [
              340853.959,
              1122132.997
            ]
          ]
        ]
      },
      "properties": {
        "id": "co-113",
        "confianza": 0.9194,
        "areaM2": 41.438,
        "diametroM": 7.264,
        "centroide": [
          340850.193,
          1122132.866
        ],
        "origen": "automatico",
        "eliminada": false
      }
    },
    {
      "type": "Feature",
      "id": "co-114",
      "geometry": {
        "type": "Polygon",
        "coordinates": [
          [
            [
              340954.432,
              1122132.702
            ],
            [
              340954.495,
              1122135.348
            ],
            [
              340952.421,
              1122135.966
            ],
            [
              340950.772,
              1122136.947
            ],
            [
              340948.442,
              1122136.251
            ],
            [
              340947.519,
              1122133.527
            ],
            [
              340948.167,
              1122131.744
            ],
            [
              340948.904,
              1122130.597
            ],
            [
              340951.068,
              1122129.751
            ],
            [
              340952.559,
              1122129.998
            ],
            [
              340954.209,
              1122131.107
            ],
            [
              340954.432,
              1122132.702
            ]
          ]
        ]
      },
      "properties": {
        "id": "co-114",
        "confianza": 0.7825,
        "areaM2": 37.918,
        "diametroM": 6.948,
        "centroide": [
          340951.104,
          1122133.309
        ],
        "origen": "automatico",
        "eliminada": false
      }
    },
    {
      "type": "Feature",
      "id": "co-115",
      "geometry": {
        "type": "Polygon",
        "coordinates": [
          [
            [
              340890.381,
              1122133.014
            ],
            [
              340890.242,
              1122134.23
            ],
            [
              340889.018,
              1122135.448
            ],
            [
              340887.841,
              1122136.387
            ],
            [
              340886.109,
              1122135.443
            ],
            [
              340884.949,
              1122133.669
            ],
            [
              340885.108,
              1122131.983
            ],
            [
              340885.946,
              1122130.221
            ],
            [
              340886.841,
              1122130.544
            ],
            [
              340889.41,
              1122130.4
            ],
            [
              340890.259,
              1122131.278
            ],
            [
              340890.381,
              1122133.014
            ]
          ]
        ]
      },
      "properties": {
        "id": "co-115",
        "confianza": 0.9371,
        "areaM2": 25.019,
        "diametroM": 5.644,
        "centroide": [
          340887.706,
          1122133.049
        ],
        "origen": "automatico",
        "eliminada": false
      }
    },
    {
      "type": "Feature",
      "id": "co-116",
      "geometry": {
        "type": "Polygon",
        "coordinates": [
          [
            [
              340874.668,
              1122135.304
            ],
            [
              340874.453,
              1122136.476
            ],
            [
              340873.187,
              1122136.912
            ],
            [
              340872.601,
              1122137.062
            ],
            [
              340870.926,
              1122137.109
            ],
            [
              340870.196,
              1122136.293
            ],
            [
              340870.088,
              1122135.339
            ],
            [
              340870.712,
              1122134.577
            ],
            [
              340871.236,
              1122133.273
            ],
            [
              340872.307,
              1122133.228
            ],
            [
              340873.118,
              1122133.595
            ],
            [
              340874.355,
              1122133.932
            ],
            [
              340874.668,
              1122135.304
            ]
          ]
        ]
      },
      "properties": {
        "id": "co-116",
        "confianza": 0.9786,
        "areaM2": 13.724,
        "diametroM": 4.18,
        "centroide": [
          340872.395,
          1122135.278
        ],
        "origen": "automatico",
        "eliminada": false
      }
    },
    {
      "type": "Feature",
      "id": "co-117",
      "geometry": {
        "type": "Polygon",
        "coordinates": [
          [
            [
              340885.665,
              1122136.076
            ],
            [
              340885.662,
              1122137.257
            ],
            [
              340885.095,
              1122137.811
            ],
            [
              340884.025,
              1122139.048
            ],
            [
              340883.034,
              1122138.778
            ],
            [
              340881.721,
              1122138.925
            ],
            [
              340880.56,
              1122138.291
            ],
            [
              340879.525,
              1122137.545
            ],
            [
              340879.536,
              1122135.397
            ],
            [
              340879.98,
              1122134.91
            ],
            [
              340880.145,
              1122133.685
            ],
            [
              340881.499,
              1122133.019
            ],
            [
              340882.937,
              1122132.723
            ],
            [
              340883.863,
              1122132.338
            ],
            [
              340884.466,
              1122133.756
            ],
            [
              340885.483,
              1122134.54
            ],
            [
              340885.665,
              1122136.076
            ]
          ]
        ]
      },
      "properties": {
        "id": "co-117",
        "confianza": 0.9276,
        "areaM2": 30.854,
        "diametroM": 6.268,
        "centroide": [
          340882.61,
          1122135.903
        ],
        "origen": "automatico",
        "eliminada": false
      }
    },
    {
      "type": "Feature",
      "id": "co-118",
      "geometry": {
        "type": "Polygon",
        "coordinates": [
          [
            [
              340861.712,
              1122135.88
            ],
            [
              340861.129,
              1122136.754
            ],
            [
              340860.377,
              1122137.728
            ],
            [
              340858.617,
              1122138.381
            ],
            [
              340857.779,
              1122137.837
            ],
            [
              340856.312,
              1122136.935
            ],
            [
              340856.434,
              1122136.058
            ],
            [
              340856.958,
              1122134.983
            ],
            [
              340857.602,
              1122133.451
            ],
            [
              340858.841,
              1122133.745
            ],
            [
              340860.597,
              1122133.768
            ],
            [
              340860.808,
              1122134.59
            ],
            [
              340861.712,
              1122135.88
            ]
          ]
        ]
      },
      "properties": {
        "id": "co-118",
        "confianza": 0.8319,
        "areaM2": 17.865,
        "diametroM": 4.769,
        "centroide": [
          340858.929,
          1122135.88
        ],
        "origen": "automatico",
        "eliminada": false
      }
    },
    {
      "type": "Feature",
      "id": "co-119",
      "geometry": {
        "type": "Polygon",
        "coordinates": [
          [
            [
              340932.966,
              1122136.58
            ],
            [
              340932.539,
              1122137.241
            ],
            [
              340932.206,
              1122138.352
            ],
            [
              340930.913,
              1122138.577
            ],
            [
              340929.883,
              1122138.754
            ],
            [
              340929.215,
              1122138.132
            ],
            [
              340928.914,
              1122137.238
            ],
            [
              340928.402,
              1122136.346
            ],
            [
              340928.529,
              1122135.732
            ],
            [
              340929.126,
              1122134.642
            ],
            [
              340930.03,
              1122134.57
            ],
            [
              340931.404,
              1122134.121
            ],
            [
              340932.252,
              1122134.877
            ],
            [
              340932.399,
              1122135.348
            ],
            [
              340932.966,
              1122136.58
            ]
          ]
        ]
      },
      "properties": {
        "id": "co-119",
        "confianza": 0.8363,
        "areaM2": 14.901,
        "diametroM": 4.356,
        "centroide": [
          340930.673,
          1122136.462
        ],
        "origen": "automatico",
        "eliminada": false
      }
    },
    {
      "type": "Feature",
      "id": "co-120",
      "geometry": {
        "type": "Polygon",
        "coordinates": [
          [
            [
              340879.998,
              1122137.976
            ],
            [
              340879.679,
              1122138.907
            ],
            [
              340878.685,
              1122140.302
            ],
            [
              340877.64,
              1122140.543
            ],
            [
              340876.496,
              1122139.892
            ],
            [
              340876.184,
              1122138.646
            ],
            [
              340875.657,
              1122137.836
            ],
            [
              340876.494,
              1122136.774
            ],
            [
              340877.194,
              1122136.045
            ],
            [
              340878.6,
              1122136.46
            ],
            [
              340879.77,
              1122136.743
            ],
            [
              340879.998,
              1122137.976
            ]
          ]
        ]
      },
      "properties": {
        "id": "co-120",
        "confianza": 0.897,
        "areaM2": 13.261,
        "diametroM": 4.109,
        "centroide": [
          340877.907,
          1122138.234
        ],
        "origen": "automatico",
        "eliminada": false
      }
    },
    {
      "type": "Feature",
      "id": "co-121",
      "geometry": {
        "type": "Polygon",
        "coordinates": [
          [
            [
              340921.102,
              1122140.232
            ],
            [
              340920.492,
              1122142.135
            ],
            [
              340920.041,
              1122143.307
            ],
            [
              340917.779,
              1122144.175
            ],
            [
              340916.958,
              1122143.676
            ],
            [
              340915.113,
              1122142.716
            ],
            [
              340914.235,
              1122141.266
            ],
            [
              340915.23,
              1122139.491
            ],
            [
              340915.054,
              1122137.671
            ],
            [
              340916.781,
              1122137.38
            ],
            [
              340918.557,
              1122137.024
            ],
            [
              340920.627,
              1122137.677
            ],
            [
              340920.934,
              1122138.604
            ],
            [
              340921.102,
              1122140.232
            ]
          ]
        ]
      },
      "properties": {
        "id": "co-121",
        "confianza": 0.9365,
        "areaM2": 36.048,
        "diametroM": 6.775,
        "centroide": [
          340917.864,
          1122140.433
        ],
        "origen": "automatico",
        "eliminada": false
      }
    },
    {
      "type": "Feature",
      "id": "co-122",
      "geometry": {
        "type": "Polygon",
        "coordinates": [
          [
            [
              340858.804,
              1122140.573
            ],
            [
              340858.792,
              1122142.432
            ],
            [
              340857.75,
              1122143.236
            ],
            [
              340855.262,
              1122144.138
            ],
            [
              340854.006,
              1122142.918
            ],
            [
              340852.98,
              1122140.835
            ],
            [
              340852.025,
              1122139.832
            ],
            [
              340853.304,
              1122138.211
            ],
            [
              340855.849,
              1122137.36
            ],
            [
              340857.095,
              1122138.128
            ],
            [
              340858.49,
              1122139.199
            ],
            [
              340858.804,
              1122140.573
            ]
          ]
        ]
      },
      "properties": {
        "id": "co-122",
        "confianza": 0.5144,
        "areaM2": 30.418,
        "diametroM": 6.223,
        "centroide": [
          340855.745,
          1122140.644
        ],
        "origen": "automatico",
        "eliminada": false
      }
    },
    {
      "type": "Feature",
      "id": "co-123",
      "geometry": {
        "type": "Polygon",
        "coordinates": [
          [
            [
              340940.484,
              1122140.648
            ],
            [
              340939.344,
              1122142.72
            ],
            [
              340938.145,
              1122143.259
            ],
            [
              340936.867,
              1122144.107
            ],
            [
              340935.751,
              1122144.577
            ],
            [
              340933.235,
              1122143.5
            ],
            [
              340932.681,
              1122142.765
            ],
            [
              340932.099,
              1122140.258
            ],
            [
              340932.817,
              1122138.242
            ],
            [
              340933.679,
              1122137.831
            ],
            [
              340935.54,
              1122137.094
            ],
            [
              340937.445,
              1122137.429
            ],
            [
              340938.965,
              1122137.754
            ],
            [
              340939.303,
              1122138.644
            ],
            [
              340940.484,
              1122140.648
            ]
          ]
        ]
      },
      "properties": {
        "id": "co-123",
        "confianza": 0.8836,
        "areaM2": 44.691,
        "diametroM": 7.543,
        "centroide": [
          340936.075,
          1122140.676
        ],
        "origen": "automatico",
        "eliminada": false
      }
    },
    {
      "type": "Feature",
      "id": "co-124",
      "geometry": {
        "type": "Polygon",
        "coordinates": [
          [
            [
              340955.365,
              1122142.049
            ],
            [
              340955.257,
              1122143.835
            ],
            [
              340954.297,
              1122144.714
            ],
            [
              340953.594,
              1122145.823
            ],
            [
              340951.407,
              1122145.05
            ],
            [
              340950.174,
              1122145.038
            ],
            [
              340948.831,
              1122143.804
            ],
            [
              340948.5,
              1122142.839
            ],
            [
              340949.596,
              1122140.596
            ],
            [
              340949.867,
              1122139.67
            ],
            [
              340951.388,
              1122139.603
            ],
            [
              340953.017,
              1122138.996
            ],
            [
              340954.096,
              1122139.416
            ],
            [
              340955.823,
              1122140.804
            ],
            [
              340955.365,
              1122142.049
            ]
          ]
        ]
      },
      "properties": {
        "id": "co-124",
        "confianza": 0.3645,
        "areaM2": 34.366,
        "diametroM": 6.615,
        "centroide": [
          340952.238,
          1122142.322
        ],
        "origen": "automatico",
        "eliminada": false
      }
    },
    {
      "type": "Feature",
      "id": "co-125",
      "geometry": {
        "type": "Polygon",
        "coordinates": [
          [
            [
              340852.423,
              1122143.66
            ],
            [
              340852.912,
              1122144.682
            ],
            [
              340850.951,
              1122146.745
            ],
            [
              340849.201,
              1122147.107
            ],
            [
              340846.925,
              1122145.605
            ],
            [
              340845.22,
              1122144.779
            ],
            [
              340845.208,
              1122142.548
            ],
            [
              340846.076,
              1122141.679
            ],
            [
              340847.34,
              1122139.513
            ],
            [
              340849.582,
              1122140.043
            ],
            [
              340850.779,
              1122140.218
            ],
            [
              340852.313,
              1122141.243
            ],
            [
              340852.423,
              1122143.66
            ]
          ]
        ]
      },
      "properties": {
        "id": "co-125",
        "confianza": 0.9823,
        "areaM2": 41.011,
        "diametroM": 7.226,
        "centroide": [
          340849.059,
          1122143.316
        ],
        "origen": "automatico",
        "eliminada": false
      }
    },
    {
      "type": "Feature",
      "id": "co-126",
      "geometry": {
        "type": "Polygon",
        "coordinates": [
          [
            [
              340891.904,
              1122143.326
            ],
            [
              340891.086,
              1122144.871
            ],
            [
              340890.474,
              1122146.06
            ],
            [
              340889.213,
              1122146.67
            ],
            [
              340887.031,
              1122147.019
            ],
            [
              340886.19,
              1122146.487
            ],
            [
              340885.558,
              1122144.622
            ],
            [
              340885.591,
              1122143.551
            ],
            [
              340885.203,
              1122141.204
            ],
            [
              340885.999,
              1122140.026
            ],
            [
              340888.094,
              1122140.117
            ],
            [
              340888.864,
              1122139.477
            ],
            [
              340890.677,
              1122140.391
            ],
            [
              340891.068,
              1122142.284
            ],
            [
              340891.904,
              1122143.326
            ]
          ]
        ]
      },
      "properties": {
        "id": "co-126",
        "confianza": 0.8098,
        "areaM2": 36.404,
        "diametroM": 6.808,
        "centroide": [
          340888.32,
          1122143.261
        ],
        "origen": "automatico",
        "eliminada": false
      }
    },
    {
      "type": "Feature",
      "id": "co-127",
      "geometry": {
        "type": "Polygon",
        "coordinates": [
          [
            [
              340878.641,
              1122144.186
            ],
            [
              340878.926,
              1122145.116
            ],
            [
              340877.277,
              1122146.335
            ],
            [
              340876.176,
              1122146.815
            ],
            [
              340874.367,
              1122146.777
            ],
            [
              340873.007,
              1122145.449
            ],
            [
              340872.802,
              1122144.174
            ],
            [
              340873.686,
              1122142.212
            ],
            [
              340875.021,
              1122141.771
            ],
            [
              340876.015,
              1122141.137
            ],
            [
              340877.899,
              1122141.511
            ],
            [
              340878.391,
              1122142.424
            ],
            [
              340878.641,
              1122144.186
            ]
          ]
        ]
      },
      "properties": {
        "id": "co-127",
        "confianza": 0.9324,
        "areaM2": 25.734,
        "diametroM": 5.724,
        "centroide": [
          340875.863,
          1122144.085
        ],
        "origen": "automatico",
        "eliminada": false
      }
    },
    {
      "type": "Feature",
      "id": "co-128",
      "geometry": {
        "type": "Polygon",
        "coordinates": [
          [
            [
              340944.171,
              1122144.359
            ],
            [
              340943.597,
              1122145.377
            ],
            [
              340943.104,
              1122146.717
            ],
            [
              340942.586,
              1122147.075
            ],
            [
              340941.645,
              1122146.465
            ],
            [
              340940.634,
              1122146.238
            ],
            [
              340940.232,
              1122145.555
            ],
            [
              340939.845,
              1122144.482
            ],
            [
              340939.602,
              1122143.871
            ],
            [
              340940.335,
              1122143.159
            ],
            [
              340941.611,
              1122142.76
            ],
            [
              340942.263,
              1122142.355
            ],
            [
              340943.293,
              1122142.611
            ],
            [
              340943.974,
              1122143.43
            ],
            [
              340944.171,
              1122144.359
            ]
          ]
        ]
      },
      "properties": {
        "id": "co-128",
        "confianza": 0.9843,
        "areaM2": 14.065,
        "diametroM": 4.232,
        "centroide": [
          340942.002,
          1122144.557
        ],
        "origen": "automatico",
        "eliminada": false
      }
    },
    {
      "type": "Feature",
      "id": "co-129",
      "geometry": {
        "type": "Polygon",
        "coordinates": [
          [
            [
              340868.734,
              1122145.832
            ],
            [
              340868.016,
              1122147.504
            ],
            [
              340866.672,
              1122149.268
            ],
            [
              340865.472,
              1122149.894
            ],
            [
              340863.411,
              1122148.884
            ],
            [
              340861.782,
              1122147.854
            ],
            [
              340860.909,
              1122146.451
            ],
            [
              340861.375,
              1122144.44
            ],
            [
              340863.525,
              1122143.23
            ],
            [
              340864.364,
              1122141.832
            ],
            [
              340866.402,
              1122142.232
            ],
            [
              340867.841,
              1122144.317
            ],
            [
              340868.734,
              1122145.832
            ]
          ]
        ]
      },
      "properties": {
        "id": "co-129",
        "confianza": 0.7943,
        "areaM2": 40.492,
        "diametroM": 7.18,
        "centroide": [
          340864.885,
          1122145.916
        ],
        "origen": "automatico",
        "eliminada": false
      }
    },
    {
      "type": "Feature",
      "id": "co-130",
      "geometry": {
        "type": "Polygon",
        "coordinates": [
          [
            [
              340916.8,
              1122146.997
            ],
            [
              340916.257,
              1122147.753
            ],
            [
              340915.653,
              1122148.141
            ],
            [
              340915.095,
              1122148.787
            ],
            [
              340914.318,
              1122148.788
            ],
            [
              340913.328,
              1122148.937
            ],
            [
              340912.606,
              1122148.186
            ],
            [
              340912.495,
              1122147.168
            ],
            [
              340912.319,
              1122146.36
            ],
            [
              340912.178,
              1122145.492
            ],
            [
              340913.331,
              1122144.567
            ],
            [
              340913.664,
              1122144.208
            ],
            [
              340915.021,
              1122144.556
            ],
            [
              340915.905,
              1122144.885
            ],
            [
              340916.201,
              1122145.999
            ],
            [
              340916.8,
              1122146.997
            ]
          ]
        ]
      },
      "properties": {
        "id": "co-130",
        "confianza": 0.8538,
        "areaM2": 15.306,
        "diametroM": 4.415,
        "centroide": [
          340914.329,
          1122146.612
        ],
        "origen": "automatico",
        "eliminada": false
      }
    },
    {
      "type": "Feature",
      "id": "co-131",
      "geometry": {
        "type": "Polygon",
        "coordinates": [
          [
            [
              340858.237,
              1122147.311
            ],
            [
              340857.721,
              1122148.31
            ],
            [
              340857.202,
              1122148.819
            ],
            [
              340856.853,
              1122149.323
            ],
            [
              340855.981,
              1122149.852
            ],
            [
              340855.312,
              1122149.111
            ],
            [
              340854.384,
              1122148.391
            ],
            [
              340854.016,
              1122147.722
            ],
            [
              340854.263,
              1122147.116
            ],
            [
              340854.178,
              1122146.334
            ],
            [
              340854.647,
              1122145.627
            ],
            [
              340856.041,
              1122145.487
            ],
            [
              340856.816,
              1122145.698
            ],
            [
              340857.852,
              1122145.793
            ],
            [
              340858.145,
              1122146.644
            ],
            [
              340858.237,
              1122147.311
            ]
          ]
        ]
      },
      "properties": {
        "id": "co-131",
        "confianza": 0.9664,
        "areaM2": 12.867,
        "diametroM": 4.048,
        "centroide": [
          340856.108,
          1122147.376
        ],
        "origen": "automatico",
        "eliminada": false
      }
    }
  ]
}
